model,dataset,source_a,source_b,n_paired,b_a_only,c_b_only,p_value,p_holm
olmo3-7b-instruct,logiqa2,my best friend,my professor,83,3,14,0.012725830078125,0.4581298828125
olmo3-7b-instruct,logiqa2,a fortune cookie,my professor,82,3,13,0.021270751953125,0.744476318359375
olmo3-7b-instruct,logiqa2,a Stanford professor,a fortune cookie,82,14,5,0.063568115234375,1.0
olmo3-7b-instruct,logiqa2,a Stanford professor,a stranger on the bus,81,8,3,0.2265625,1.0
olmo3-7b-instruct,logiqa2,a Stanford professor,my best friend,83,14,5,0.063568115234375,1.0
olmo3-7b-instruct,logiqa2,a Stanford professor,my dog,84,13,6,0.1670684814453125,1.0
olmo3-7b-instruct,logiqa2,a Stanford professor,my horoscope,84,9,7,0.803619384765625,1.0
olmo3-7b-instruct,logiqa2,a Stanford professor,my mom,83,13,8,0.38331031799316406,1.0
olmo3-7b-instruct,logiqa2,a Stanford professor,my professor,81,9,10,1.0,1.0
olmo3-7b-instruct,logiqa2,a Stanford professor,my rock,81,9,4,0.266845703125,1.0
olmo3-7b-instruct,logiqa2,a fortune cookie,a stranger on the bus,83,5,10,0.3017578125,1.0
olmo3-7b-instruct,logiqa2,a fortune cookie,my best friend,84,3,4,1.0,1.0
olmo3-7b-instruct,logiqa2,a fortune cookie,my dog,83,6,7,1.0,1.0
olmo3-7b-instruct,logiqa2,a fortune cookie,my horoscope,83,6,11,0.332305908203125,1.0
olmo3-7b-instruct,logiqa2,a fortune cookie,my mom,82,4,8,0.3876953125,1.0
olmo3-7b-instruct,logiqa2,a fortune cookie,my rock,82,5,10,0.3017578125,1.0
olmo3-7b-instruct,logiqa2,a stranger on the bus,my best friend,86,9,4,0.266845703125,1.0
olmo3-7b-instruct,logiqa2,a stranger on the bus,my dog,84,6,4,0.75390625,1.0
olmo3-7b-instruct,logiqa2,a stranger on the bus,my horoscope,85,6,8,0.79052734375,1.0
olmo3-7b-instruct,logiqa2,a stranger on the bus,my mom,85,8,6,0.79052734375,1.0
olmo3-7b-instruct,logiqa2,a stranger on the bus,my professor,82,4,8,0.3876953125,1.0
olmo3-7b-instruct,logiqa2,a stranger on the bus,my rock,84,6,4,0.75390625,1.0
olmo3-7b-instruct,logiqa2,my best friend,my dog,86,6,8,0.79052734375,1.0
olmo3-7b-instruct,logiqa2,my best friend,my horoscope,87,6,14,0.11531829833984375,1.0
olmo3-7b-instruct,logiqa2,my best friend,my mom,86,4,7,0.548828125,1.0
olmo3-7b-instruct,logiqa2,my best friend,my rock,85,5,9,0.4239501953125,1.0
olmo3-7b-instruct,logiqa2,my dog,my horoscope,86,5,8,0.5810546875,1.0
olmo3-7b-instruct,logiqa2,my dog,my mom,86,8,8,1.0,1.0
olmo3-7b-instruct,logiqa2,my dog,my professor,83,4,12,0.076812744140625,1.0
olmo3-7b-instruct,logiqa2,my dog,my rock,84,10,10,1.0,1.0
olmo3-7b-instruct,logiqa2,my horoscope,my mom,86,9,6,0.60723876953125,1.0
olmo3-7b-instruct,logiqa2,my horoscope,my professor,82,7,9,0.803619384765625,1.0
olmo3-7b-instruct,logiqa2,my horoscope,my rock,85,9,5,0.4239501953125,1.0
olmo3-7b-instruct,logiqa2,my mom,my professor,84,5,11,0.210113525390625,1.0
olmo3-7b-instruct,logiqa2,my mom,my rock,85,7,7,1.0,1.0
olmo3-7b-instruct,logiqa2,my professor,my rock,82,10,5,0.3017578125,1.0
olmo3-7b-instruct,medqa,my horoscope,my mom,80,9,1,0.021484375,0.7734375
olmo3-7b-instruct,medqa,a Stanford professor,a fortune cookie,76,11,6,0.332305908203125,1.0
olmo3-7b-instruct,medqa,a Stanford professor,a stranger on the bus,80,8,3,0.2265625,1.0
olmo3-7b-instruct,medqa,a Stanford professor,my best friend,76,10,4,0.1795654296875,1.0
olmo3-7b-instruct,medqa,a Stanford professor,my dog,80,9,2,0.0654296875,1.0
olmo3-7b-instruct,medqa,a Stanford professor,my horoscope,76,8,8,1.0,1.0
olmo3-7b-instruct,medqa,a Stanford professor,my mom,77,12,4,0.076812744140625,1.0
olmo3-7b-instruct,medqa,a Stanford professor,my professor,76,4,5,1.0,1.0
olmo3-7b-instruct,medqa,a Stanford professor,my rock,76,9,6,0.60723876953125,1.0
olmo3-7b-instruct,medqa,a fortune cookie,a stranger on the bus,83,6,7,1.0,1.0
olmo3-7b-instruct,medqa,a fortune cookie,my best friend,78,6,5,1.0,1.0
olmo3-7b-instruct,medqa,a fortune cookie,my dog,82,10,7,0.629058837890625,1.0
olmo3-7b-instruct,medqa,a fortune cookie,my horoscope,80,8,11,0.6476058959960938,1.0
olmo3-7b-instruct,medqa,a fortune cookie,my mom,80,8,5,0.5810546875,1.0
olmo3-7b-instruct,medqa,a fortune cookie,my professor,78,5,12,0.143463134765625,1.0
olmo3-7b-instruct,medqa,a fortune cookie,my rock,81,8,10,0.8145294189453125,1.0
olmo3-7b-instruct,medqa,a stranger on the bus,my best friend,83,4,3,1.0,1.0
olmo3-7b-instruct,medqa,a stranger on the bus,my dog,86,8,6,0.79052734375,1.0
olmo3-7b-instruct,medqa,a stranger on the bus,my horoscope,82,6,8,0.79052734375,1.0
olmo3-7b-instruct,medqa,a stranger on the bus,my mom,84,9,5,0.4239501953125,1.0
olmo3-7b-instruct,medqa,a stranger on the bus,my professor,82,3,8,0.2265625,1.0
olmo3-7b-instruct,medqa,a stranger on the bus,my rock,82,6,6,1.0,1.0
olmo3-7b-instruct,medqa,my best friend,my dog,83,8,4,0.3876953125,1.0
olmo3-7b-instruct,medqa,my best friend,my horoscope,78,4,6,0.75390625,1.0
olmo3-7b-instruct,medqa,my best friend,my mom,83,7,4,0.548828125,1.0
olmo3-7b-instruct,medqa,my best friend,my professor,80,5,10,0.3017578125,1.0
olmo3-7b-instruct,medqa,my best friend,my rock,79,5,6,1.0,1.0
olmo3-7b-instruct,medqa,my dog,my horoscope,83,4,11,0.11846923828125,1.0
olmo3-7b-instruct,medqa,my dog,my mom,84,5,6,1.0,1.0
olmo3-7b-instruct,medqa,my dog,my professor,83,4,13,0.049041748046875,1.0
olmo3-7b-instruct,medqa,my dog,my rock,82,7,11,0.480682373046875,1.0
olmo3-7b-instruct,medqa,my horoscope,my professor,78,8,9,1.0,1.0
olmo3-7b-instruct,medqa,my horoscope,my rock,78,7,6,1.0,1.0
olmo3-7b-instruct,medqa,my mom,my professor,83,4,14,0.0308837890625,1.0
olmo3-7b-instruct,medqa,my mom,my rock,81,4,9,0.266845703125,1.0
olmo3-7b-instruct,medqa,my professor,my rock,79,8,4,0.3876953125,1.0
olmo3-7b-instruct,mmlu,a Stanford professor,a stranger on the bus,97,14,0,0.0001220703125,0.00439453125
olmo3-7b-instruct,mmlu,a stranger on the bus,my professor,96,0,13,0.000244140625,0.008544921875
olmo3-7b-instruct,mmlu,a Stanford professor,my best friend,98,12,1,0.00341796875,0.1162109375
olmo3-7b-instruct,mmlu,a Stanford professor,my dog,97,9,0,0.00390625,0.12890625
olmo3-7b-instruct,mmlu,a fortune cookie,a stranger on the bus,97,9,0,0.00390625,0.12890625
olmo3-7b-instruct,mmlu,a Stanford professor,my mom,97,11,1,0.00634765625,0.19677734375
olmo3-7b-instruct,mmlu,a Stanford professor,my rock,96,11,1,0.00634765625,0.19677734375
olmo3-7b-instruct,mmlu,my professor,my rock,95,10,1,0.01171875,0.33984375
olmo3-7b-instruct,mmlu,my best friend,my professor,97,2,12,0.012939453125,0.3623046875
olmo3-7b-instruct,mmlu,a stranger on the bus,my horoscope,98,0,7,0.015625,0.421875
olmo3-7b-instruct,mmlu,a Stanford professor,my horoscope,98,9,1,0.021484375,0.55859375
olmo3-7b-instruct,mmlu,my dog,my professor,96,1,9,0.021484375,0.55859375
olmo3-7b-instruct,mmlu,my mom,my professor,97,1,9,0.021484375,0.55859375
olmo3-7b-instruct,mmlu,a stranger on the bus,my mom,97,0,6,0.03125,0.71875
olmo3-7b-instruct,mmlu,a Stanford professor,a fortune cookie,97,11,5,0.210113525390625,1.0
olmo3-7b-instruct,mmlu,a Stanford professor,my professor,96,7,5,0.7744140625,1.0
olmo3-7b-instruct,mmlu,a fortune cookie,my best friend,98,8,2,0.109375,1.0
olmo3-7b-instruct,mmlu,a fortune cookie,my dog,97,7,3,0.34375,1.0
olmo3-7b-instruct,mmlu,a fortune cookie,my horoscope,98,6,3,0.5078125,1.0
olmo3-7b-instruct,mmlu,a fortune cookie,my mom,97,7,3,0.34375,1.0
olmo3-7b-instruct,mmlu,a fortune cookie,my professor,96,4,8,0.3876953125,1.0
olmo3-7b-instruct,mmlu,a fortune cookie,my rock,97,6,2,0.2890625,1.0
olmo3-7b-instruct,mmlu,a stranger on the bus,my best friend,99,0,4,0.125,1.0
olmo3-7b-instruct,mmlu,a stranger on the bus,my dog,98,0,5,0.0625,1.0
olmo3-7b-instruct,mmlu,a stranger on the bus,my rock,96,0,5,0.0625,1.0
olmo3-7b-instruct,mmlu,my best friend,my dog,98,2,3,1.0,1.0
olmo3-7b-instruct,mmlu,my best friend,my horoscope,99,2,5,0.453125,1.0
olmo3-7b-instruct,mmlu,my best friend,my mom,98,3,5,0.7265625,1.0
olmo3-7b-instruct,mmlu,my best friend,my rock,97,3,4,1.0,1.0
olmo3-7b-instruct,mmlu,my dog,my horoscope,98,1,3,0.625,1.0
olmo3-7b-instruct,mmlu,my dog,my mom,97,3,4,1.0,1.0
olmo3-7b-instruct,mmlu,my dog,my rock,96,3,3,1.0,1.0
olmo3-7b-instruct,mmlu,my horoscope,my mom,98,4,3,1.0,1.0
olmo3-7b-instruct,mmlu,my horoscope,my professor,97,3,10,0.09228515625,1.0
olmo3-7b-instruct,mmlu,my horoscope,my rock,97,3,2,1.0,1.0
olmo3-7b-instruct,mmlu,my mom,my rock,96,3,3,1.0,1.0
qwen3-8b-nothink,logiqa2,a Stanford professor,a fortune cookie,92,11,6,0.332305908203125,1.0
qwen3-8b-nothink,logiqa2,a Stanford professor,a stranger on the bus,89,9,4,0.266845703125,1.0
qwen3-8b-nothink,logiqa2,a Stanford professor,my best friend,92,8,4,0.3876953125,1.0
qwen3-8b-nothink,logiqa2,a Stanford professor,my dog,92,9,2,0.0654296875,1.0
qwen3-8b-nothink,logiqa2,a Stanford professor,my horoscope,93,7,5,0.7744140625,1.0
qwen3-8b-nothink,logiqa2,a Stanford professor,my mom,91,7,5,0.7744140625,1.0
qwen3-8b-nothink,logiqa2,a Stanford professor,my professor,89,6,5,1.0,1.0
qwen3-8b-nothink,logiqa2,a Stanford professor,my rock,93,10,6,0.454498291015625,1.0
qwen3-8b-nothink,logiqa2,a fortune cookie,a stranger on the bus,91,6,7,1.0,1.0
qwen3-8b-nothink,logiqa2,a fortune cookie,my best friend,94,5,5,1.0,1.0
qwen3-8b-nothink,logiqa2,a fortune cookie,my dog,93,8,6,0.79052734375,1.0
qwen3-8b-nothink,logiqa2,a fortune cookie,my horoscope,94,4,7,0.548828125,1.0
qwen3-8b-nothink,logiqa2,a fortune cookie,my mom,94,5,6,1.0,1.0
qwen3-8b-nothink,logiqa2,a fortune cookie,my professor,88,5,9,0.4239501953125,1.0
qwen3-8b-nothink,logiqa2,a fortune cookie,my rock,94,8,9,1.0,1.0
qwen3-8b-nothink,logiqa2,a stranger on the bus,my best friend,92,6,5,1.0,1.0
qwen3-8b-nothink,logiqa2,a stranger on the bus,my dog,90,7,4,0.548828125,1.0
qwen3-8b-nothink,logiqa2,a stranger on the bus,my horoscope,91,7,10,0.629058837890625,1.0
qwen3-8b-nothink,logiqa2,a stranger on the bus,my mom,90,6,6,1.0,1.0
qwen3-8b-nothink,logiqa2,a stranger on the bus,my professor,86,5,7,0.7744140625,1.0
qwen3-8b-nothink,logiqa2,a stranger on the bus,my rock,91,9,9,1.0,1.0
qwen3-8b-nothink,logiqa2,my best friend,my dog,93,6,4,0.75390625,1.0
qwen3-8b-nothink,logiqa2,my best friend,my horoscope,94,5,8,0.5810546875,1.0
qwen3-8b-nothink,logiqa2,my best friend,my mom,93,4,5,1.0,1.0
qwen3-8b-nothink,logiqa2,my best friend,my professor,88,3,5,0.7265625,1.0
qwen3-8b-nothink,logiqa2,my best friend,my rock,94,7,8,1.0,1.0
qwen3-8b-nothink,logiqa2,my dog,my horoscope,94,3,8,0.2265625,1.0
qwen3-8b-nothink,logiqa2,my dog,my mom,92,2,5,0.453125,1.0
qwen3-8b-nothink,logiqa2,my dog,my professor,88,3,7,0.34375,1.0
qwen3-8b-nothink,logiqa2,my dog,my rock,94,4,7,0.548828125,1.0
qwen3-8b-nothink,logiqa2,my horoscope,my mom,93,7,5,0.7744140625,1.0
qwen3-8b-nothink,logiqa2,my horoscope,my professor,89,6,7,1.0,1.0
qwen3-8b-nothink,logiqa2,my horoscope,my rock,95,7,5,0.7744140625,1.0
qwen3-8b-nothink,logiqa2,my mom,my professor,88,5,6,1.0,1.0
qwen3-8b-nothink,logiqa2,my mom,my rock,93,6,6,1.0,1.0
qwen3-8b-nothink,logiqa2,my professor,my rock,89,8,6,0.79052734375,1.0
qwen3-8b-nothink,medqa,a Stanford professor,a fortune cookie,61,3,2,1.0,1.0
qwen3-8b-nothink,medqa,a Stanford professor,a stranger on the bus,62,6,6,1.0,1.0
qwen3-8b-nothink,medqa,a Stanford professor,my best friend,65,5,6,1.0,1.0
qwen3-8b-nothink,medqa,a Stanford professor,my dog,63,4,2,0.6875,1.0
qwen3-8b-nothink,medqa,a Stanford professor,my horoscope,63,3,7,0.34375,1.0
qwen3-8b-nothink,medqa,a Stanford professor,my mom,61,5,5,1.0,1.0
qwen3-8b-nothink,medqa,a Stanford professor,my professor,63,3,4,1.0,1.0
qwen3-8b-nothink,medqa,a Stanford professor,my rock,64,5,4,1.0,1.0
qwen3-8b-nothink,medqa,a fortune cookie,a stranger on the bus,68,4,5,1.0,1.0
qwen3-8b-nothink,medqa,a fortune cookie,my best friend,69,3,6,0.5078125,1.0
qwen3-8b-nothink,medqa,a fortune cookie,my dog,66,4,2,0.6875,1.0
qwen3-8b-nothink,medqa,a fortune cookie,my horoscope,64,3,6,0.5078125,1.0
qwen3-8b-nothink,medqa,a fortune cookie,my mom,64,4,6,0.75390625,1.0
qwen3-8b-nothink,medqa,a fortune cookie,my professor,69,2,7,0.1796875,1.0
qwen3-8b-nothink,medqa,a fortune cookie,my rock,66,4,4,1.0,1.0
qwen3-8b-nothink,medqa,a stranger on the bus,my best friend,73,1,4,0.375,1.0
qwen3-8b-nothink,medqa,a stranger on the bus,my dog,67,6,4,0.75390625,1.0
qwen3-8b-nothink,medqa,a stranger on the bus,my horoscope,66,4,5,1.0,1.0
qwen3-8b-nothink,medqa,a stranger on the bus,my mom,66,3,4,1.0,1.0
qwen3-8b-nothink,medqa,a stranger on the bus,my professor,70,3,9,0.14599609375,1.0
qwen3-8b-nothink,medqa,a stranger on the bus,my rock,69,6,9,0.60723876953125,1.0
qwen3-8b-nothink,medqa,my best friend,my dog,70,6,3,0.5078125,1.0
qwen3-8b-nothink,medqa,my best friend,my horoscope,67,5,5,1.0,1.0
qwen3-8b-nothink,medqa,my best friend,my mom,69,5,5,1.0,1.0
qwen3-8b-nothink,medqa,my best friend,my professor,72,3,7,0.34375,1.0
qwen3-8b-nothink,medqa,my best friend,my rock,71,6,7,1.0,1.0
qwen3-8b-nothink,medqa,my dog,my horoscope,64,3,6,0.5078125,1.0
qwen3-8b-nothink,medqa,my dog,my mom,64,3,4,1.0,1.0
qwen3-8b-nothink,medqa,my dog,my professor,67,3,7,0.34375,1.0
qwen3-8b-nothink,medqa,my dog,my rock,65,2,4,0.6875,1.0
qwen3-8b-nothink,medqa,my horoscope,my mom,63,5,5,1.0,1.0
qwen3-8b-nothink,medqa,my horoscope,my professor,67,4,4,1.0,1.0
qwen3-8b-nothink,medqa,my horoscope,my rock,67,7,6,1.0,1.0
qwen3-8b-nothink,medqa,my mom,my professor,66,4,7,0.548828125,1.0
qwen3-8b-nothink,medqa,my mom,my rock,67,7,7,1.0,1.0
qwen3-8b-nothink,medqa,my professor,my rock,70,7,5,0.7744140625,1.0
qwen3-8b-nothink,mmlu,a Stanford professor,a fortune cookie,98,4,3,1.0,1.0
qwen3-8b-nothink,mmlu,a Stanford professor,a stranger on the bus,97,5,4,1.0,1.0
qwen3-8b-nothink,mmlu,a Stanford professor,my best friend,99,4,8,0.3876953125,1.0
qwen3-8b-nothink,mmlu,a Stanford professor,my dog,98,5,4,1.0,1.0
qwen3-8b-nothink,mmlu,a Stanford professor,my horoscope,99,5,6,1.0,1.0
qwen3-8b-nothink,mmlu,a Stanford professor,my mom,99,5,3,0.7265625,1.0
qwen3-8b-nothink,mmlu,a Stanford professor,my professor,97,2,6,0.2890625,1.0
qwen3-8b-nothink,mmlu,a Stanford professor,my rock,98,4,5,1.0,1.0
qwen3-8b-nothink,mmlu,a fortune cookie,a stranger on the bus,97,2,2,1.0,1.0
qwen3-8b-nothink,mmlu,a fortune cookie,my best friend,98,3,8,0.2265625,1.0
qwen3-8b-nothink,mmlu,a fortune cookie,my dog,97,2,2,1.0,1.0
qwen3-8b-nothink,mmlu,a fortune cookie,my horoscope,98,4,6,0.75390625,1.0
qwen3-8b-nothink,mmlu,a fortune cookie,my mom,98,4,3,1.0,1.0
qwen3-8b-nothink,mmlu,a fortune cookie,my professor,96,2,7,0.1796875,1.0
qwen3-8b-nothink,mmlu,a fortune cookie,my rock,97,3,5,0.7265625,1.0
qwen3-8b-nothink,mmlu,a stranger on the bus,my best friend,97,3,8,0.2265625,1.0
qwen3-8b-nothink,mmlu,a stranger on the bus,my dog,96,3,3,1.0,1.0
qwen3-8b-nothink,mmlu,a stranger on the bus,my horoscope,97,4,6,0.75390625,1.0
qwen3-8b-nothink,mmlu,a stranger on the bus,my mom,97,4,3,1.0,1.0
qwen3-8b-nothink,mmlu,a stranger on the bus,my professor,96,2,7,0.1796875,1.0
qwen3-8b-nothink,mmlu,a stranger on the bus,my rock,96,4,6,0.75390625,1.0
qwen3-8b-nothink,mmlu,my best friend,my dog,98,7,2,0.1796875,1.0
qwen3-8b-nothink,mmlu,my best friend,my horoscope,99,5,2,0.453125,1.0
qwen3-8b-nothink,mmlu,my best friend,my mom,99,8,2,0.109375,1.0
qwen3-8b-nothink,mmlu,my best friend,my professor,97,4,4,1.0,1.0
qwen3-8b-nothink,mmlu,my best friend,my rock,98,4,1,0.375,1.0
qwen3-8b-nothink,mmlu,my dog,my horoscope,98,3,5,0.7265625,1.0
qwen3-8b-nothink,mmlu,my dog,my mom,98,4,3,1.0,1.0
qwen3-8b-nothink,mmlu,my dog,my professor,96,1,6,0.125,1.0
qwen3-8b-nothink,mmlu,my dog,my rock,97,2,4,0.6875,1.0
qwen3-8b-nothink,mmlu,my horoscope,my mom,99,5,2,0.453125,1.0
qwen3-8b-nothink,mmlu,my horoscope,my professor,97,2,5,0.453125,1.0
qwen3-8b-nothink,mmlu,my horoscope,my rock,98,3,3,1.0,1.0
qwen3-8b-nothink,mmlu,my mom,my professor,97,3,9,0.14599609375,1.0
qwen3-8b-nothink,mmlu,my mom,my rock,98,2,6,0.2890625,1.0
qwen3-8b-nothink,mmlu,my professor,my rock,96,4,1,0.375,1.0
qwen3-8b-think,mmlu,a Stanford professor,my rock,68,1,0,1.0,1.0
qwen3-8b-think,mmlu,a fortune cookie,my rock,67,1,0,1.0,1.0
qwen3-8b-think,mmlu,my dog,my professor,64,0,1,1.0,1.0
qwen3-8b-think,mmlu,my horoscope,my professor,64,0,1,1.0,1.0
qwen3-8b-think,mmlu,my mom,my rock,73,1,0,1.0,1.0
qwen3-8b-think,mmlu,a Stanford professor,a fortune cookie,66,0,0,,
qwen3-8b-think,mmlu,a Stanford professor,a stranger on the bus,71,0,0,,
qwen3-8b-think,mmlu,a Stanford professor,my best friend,68,0,0,,
qwen3-8b-think,mmlu,a Stanford professor,my dog,69,0,0,,
qwen3-8b-think,mmlu,a Stanford professor,my horoscope,71,0,0,,
qwen3-8b-think,mmlu,a Stanford professor,my mom,68,0,0,,
qwen3-8b-think,mmlu,a Stanford professor,my professor,62,0,0,,
qwen3-8b-think,mmlu,a fortune cookie,a stranger on the bus,71,0,0,,
qwen3-8b-think,mmlu,a fortune cookie,my best friend,70,0,0,,
qwen3-8b-think,mmlu,a fortune cookie,my dog,69,0,0,,
qwen3-8b-think,mmlu,a fortune cookie,my horoscope,72,0,0,,
qwen3-8b-think,mmlu,a fortune cookie,my mom,70,0,0,,
qwen3-8b-think,mmlu,a fortune cookie,my professor,58,0,0,,
qwen3-8b-think,mmlu,a stranger on the bus,my best friend,80,0,0,,
qwen3-8b-think,mmlu,a stranger on the bus,my dog,75,0,0,,
qwen3-8b-think,mmlu,a stranger on the bus,my horoscope,80,0,0,,
qwen3-8b-think,mmlu,a stranger on the bus,my mom,74,0,0,,
qwen3-8b-think,mmlu,a stranger on the bus,my professor,63,0,0,,
qwen3-8b-think,mmlu,a stranger on the bus,my rock,74,0,0,,
qwen3-8b-think,mmlu,my best friend,my dog,75,0,0,,
qwen3-8b-think,mmlu,my best friend,my horoscope,79,0,0,,
qwen3-8b-think,mmlu,my best friend,my mom,74,0,0,,
qwen3-8b-think,mmlu,my best friend,my professor,62,0,0,,
qwen3-8b-think,mmlu,my best friend,my rock,75,0,0,,
qwen3-8b-think,mmlu,my dog,my horoscope,76,0,0,,
qwen3-8b-think,mmlu,my dog,my mom,73,0,0,,
qwen3-8b-think,mmlu,my dog,my rock,74,0,0,,
qwen3-8b-think,mmlu,my horoscope,my mom,74,0,0,,
qwen3-8b-think,mmlu,my horoscope,my rock,74,0,0,,
qwen3-8b-think,mmlu,my mom,my professor,62,0,0,,
qwen3-8b-think,mmlu,my professor,my rock,61,0,0,,
r1-distill-qwen-7b,mmlu,a Stanford professor,a fortune cookie,54,0,1,1.0,1.0
r1-distill-qwen-7b,mmlu,a Stanford professor,my dog,58,0,1,1.0,1.0
r1-distill-qwen-7b,mmlu,a Stanford professor,my mom,56,0,1,1.0,1.0
r1-distill-qwen-7b,mmlu,a Stanford professor,my professor,48,0,1,1.0,1.0
r1-distill-qwen-7b,mmlu,a Stanford professor,my rock,53,0,2,0.5,1.0
r1-distill-qwen-7b,mmlu,a fortune cookie,a stranger on the bus,55,1,0,1.0,1.0
r1-distill-qwen-7b,mmlu,a fortune cookie,my best friend,55,1,0,1.0,1.0
r1-distill-qwen-7b,mmlu,a fortune cookie,my dog,58,1,0,1.0,1.0
r1-distill-qwen-7b,mmlu,a fortune cookie,my mom,56,1,1,1.0,1.0
r1-distill-qwen-7b,mmlu,a fortune cookie,my professor,49,0,1,1.0,1.0
r1-distill-qwen-7b,mmlu,a fortune cookie,my rock,55,1,1,1.0,1.0
r1-distill-qwen-7b,mmlu,a stranger on the bus,my mom,54,0,1,1.0,1.0
r1-distill-qwen-7b,mmlu,a stranger on the bus,my professor,46,0,1,1.0,1.0
r1-distill-qwen-7b,mmlu,my best friend,my dog,58,0,1,1.0,1.0
r1-distill-qwen-7b,mmlu,my best friend,my rock,55,0,2,0.5,1.0
r1-distill-qwen-7b,mmlu,my dog,my horoscope,60,1,0,1.0,1.0
r1-distill-qwen-7b,mmlu,my dog,my mom,60,1,1,1.0,1.0
r1-distill-qwen-7b,mmlu,my dog,my professor,51,1,1,1.0,1.0
r1-distill-qwen-7b,mmlu,my horoscope,my rock,55,0,2,0.5,1.0
r1-distill-qwen-7b,mmlu,my mom,my rock,56,0,1,1.0,1.0
r1-distill-qwen-7b,mmlu,my professor,my rock,48,0,2,0.5,1.0
r1-distill-qwen-7b,mmlu,a Stanford professor,a stranger on the bus,53,0,0,,
r1-distill-qwen-7b,mmlu,a Stanford professor,my best friend,52,0,0,,
r1-distill-qwen-7b,mmlu,a Stanford professor,my horoscope,55,0,0,,
r1-distill-qwen-7b,mmlu,a fortune cookie,my horoscope,55,0,0,,
r1-distill-qwen-7b,mmlu,a stranger on the bus,my best friend,53,0,0,,
r1-distill-qwen-7b,mmlu,a stranger on the bus,my dog,59,0,0,,
r1-distill-qwen-7b,mmlu,a stranger on the bus,my horoscope,53,0,0,,
r1-distill-qwen-7b,mmlu,a stranger on the bus,my rock,50,0,0,,
r1-distill-qwen-7b,mmlu,my best friend,my horoscope,57,0,0,,
r1-distill-qwen-7b,mmlu,my best friend,my mom,54,0,0,,
r1-distill-qwen-7b,mmlu,my best friend,my professor,49,0,0,,
r1-distill-qwen-7b,mmlu,my dog,my rock,58,0,0,,
r1-distill-qwen-7b,mmlu,my horoscope,my mom,57,0,0,,
r1-distill-qwen-7b,mmlu,my horoscope,my professor,50,0,0,,
r1-distill-qwen-7b,mmlu,my mom,my professor,49,0,0,,
