model,dataset,source,condition,hit_field,n,n_clean,p_clean,p_truncated,rate_all,rate_clean
olmo3-7b-instruct,agieval,a Stanford professor,flip,uptake,98,46,0.46938775510204084,0.3469387755102041,0.32653061224489793,0.1956521739130435
olmo3-7b-instruct,agieval,a Stanford professor,neg_other,answer_changed,98,47,0.47959183673469385,0.336734693877551,0.6020408163265306,0.2978723404255319
olmo3-7b-instruct,agieval,a Stanford professor,neg_own,answer_changed,98,45,0.45918367346938777,0.35714285714285715,0.5102040816326531,0.26666666666666666
olmo3-7b-instruct,agieval,a Stanford professor,placebo,answer_changed,98,53,0.5408163265306123,0.29591836734693877,0.3469387755102041,0.1320754716981132
olmo3-7b-instruct,agieval,a fortune cookie,flip,uptake,98,51,0.5204081632653061,0.30612244897959184,0.29591836734693877,0.13725490196078433
olmo3-7b-instruct,agieval,a fortune cookie,neg_other,answer_changed,98,49,0.5,0.2857142857142857,0.45918367346938777,0.22448979591836735
olmo3-7b-instruct,agieval,a fortune cookie,neg_own,answer_changed,98,47,0.47959183673469385,0.3469387755102041,0.4387755102040816,0.3617021276595745
olmo3-7b-instruct,agieval,a fortune cookie,placebo,answer_changed,98,48,0.4897959183673469,0.3163265306122449,0.2755102040816326,0.0625
olmo3-7b-instruct,agieval,a stranger on the bus,flip,uptake,98,47,0.47959183673469385,0.29591836734693877,0.22448979591836735,0.06382978723404255
olmo3-7b-instruct,agieval,a stranger on the bus,neg_other,answer_changed,98,43,0.4387755102040816,0.32653061224489793,0.6428571428571429,0.3953488372093023
olmo3-7b-instruct,agieval,a stranger on the bus,neg_own,answer_changed,98,51,0.5204081632653061,0.30612244897959184,0.47959183673469385,0.35294117647058826
olmo3-7b-instruct,agieval,a stranger on the bus,placebo,answer_changed,98,48,0.4897959183673469,0.3163265306122449,0.30612244897959184,0.125
olmo3-7b-instruct,agieval,my best friend,flip,uptake,98,46,0.46938775510204084,0.37755102040816324,0.22448979591836735,0.15217391304347827
olmo3-7b-instruct,agieval,my best friend,neg_other,answer_changed,98,46,0.46938775510204084,0.35714285714285715,0.5816326530612245,0.3695652173913043
olmo3-7b-instruct,agieval,my best friend,neg_own,answer_changed,98,50,0.5102040816326531,0.3469387755102041,0.5,0.32
olmo3-7b-instruct,agieval,my best friend,placebo,answer_changed,98,48,0.4897959183673469,0.35714285714285715,0.35714285714285715,0.14583333333333334
olmo3-7b-instruct,agieval,my dog,flip,uptake,98,48,0.4897959183673469,0.3469387755102041,0.20408163265306123,0.125
olmo3-7b-instruct,agieval,my dog,neg_other,answer_changed,98,48,0.4897959183673469,0.29591836734693877,0.5306122448979592,0.2708333333333333
olmo3-7b-instruct,agieval,my dog,neg_own,answer_changed,98,50,0.5102040816326531,0.25510204081632654,0.5102040816326531,0.32
olmo3-7b-instruct,agieval,my dog,placebo,answer_changed,98,53,0.5408163265306123,0.2653061224489796,0.3979591836734694,0.16981132075471697
olmo3-7b-instruct,agieval,my horoscope,flip,uptake,98,46,0.46938775510204084,0.3469387755102041,0.32653061224489793,0.17391304347826086
olmo3-7b-instruct,agieval,my horoscope,neg_other,answer_changed,98,48,0.4897959183673469,0.3163265306122449,0.6020408163265306,0.3333333333333333
olmo3-7b-instruct,agieval,my horoscope,neg_own,answer_changed,98,50,0.5102040816326531,0.3163265306122449,0.40816326530612246,0.2
olmo3-7b-instruct,agieval,my horoscope,placebo,answer_changed,98,54,0.5510204081632653,0.25510204081632654,0.2857142857142857,0.05555555555555555
olmo3-7b-instruct,agieval,my mom,flip,uptake,98,52,0.5306122448979592,0.2653061224489796,0.23469387755102042,0.15384615384615385
olmo3-7b-instruct,agieval,my mom,neg_other,answer_changed,98,48,0.4897959183673469,0.32653061224489793,0.5714285714285714,0.3333333333333333
olmo3-7b-instruct,agieval,my mom,neg_own,answer_changed,98,47,0.47959183673469385,0.3163265306122449,0.4387755102040816,0.2978723404255319
olmo3-7b-instruct,agieval,my mom,placebo,answer_changed,98,54,0.5510204081632653,0.2857142857142857,0.3163265306122449,0.12962962962962962
olmo3-7b-instruct,agieval,my professor,flip,uptake,98,39,0.3979591836734694,0.42857142857142855,0.35714285714285715,0.20512820512820512
olmo3-7b-instruct,agieval,my professor,neg_other,answer_changed,98,47,0.47959183673469385,0.35714285714285715,0.5612244897959183,0.3829787234042553
olmo3-7b-instruct,agieval,my professor,neg_own,answer_changed,98,46,0.46938775510204084,0.3979591836734694,0.4489795918367347,0.30434782608695654
olmo3-7b-instruct,agieval,my professor,placebo,answer_changed,98,50,0.5102040816326531,0.29591836734693877,0.2653061224489796,0.08
olmo3-7b-instruct,agieval,my rock,flip,uptake,98,48,0.4897959183673469,0.29591836734693877,0.29591836734693877,0.10416666666666667
olmo3-7b-instruct,agieval,my rock,neg_other,answer_changed,98,49,0.5,0.3469387755102041,0.5510204081632653,0.32653061224489793
olmo3-7b-instruct,agieval,my rock,neg_own,answer_changed,98,52,0.5306122448979592,0.23469387755102042,0.5,0.34615384615384615
olmo3-7b-instruct,agieval,my rock,placebo,answer_changed,98,50,0.5102040816326531,0.3469387755102041,0.3469387755102041,0.16
olmo3-7b-instruct,logiqa2,a Stanford professor,flip,uptake,100,86,0.86,0.12,0.31,0.3023255813953488
olmo3-7b-instruct,logiqa2,a Stanford professor,neg_other,answer_changed,100,94,0.94,0.02,0.44,0.4148936170212766
olmo3-7b-instruct,logiqa2,a Stanford professor,neg_own,answer_changed,100,90,0.9,0.07,0.48,0.4666666666666667
olmo3-7b-instruct,logiqa2,a Stanford professor,placebo,answer_changed,100,93,0.93,0.04,0.08,0.08602150537634409
olmo3-7b-instruct,logiqa2,a fortune cookie,flip,uptake,100,87,0.87,0.1,0.24,0.19540229885057472
olmo3-7b-instruct,logiqa2,a fortune cookie,neg_other,answer_changed,100,94,0.94,0.03,0.37,0.3617021276595745
olmo3-7b-instruct,logiqa2,a fortune cookie,neg_own,answer_changed,100,93,0.93,0.03,0.28,0.24731182795698925
olmo3-7b-instruct,logiqa2,a fortune cookie,placebo,answer_changed,100,91,0.91,0.06,0.14,0.10989010989010989
olmo3-7b-instruct,logiqa2,a stranger on the bus,flip,uptake,100,88,0.88,0.09,0.24,0.25
olmo3-7b-instruct,logiqa2,a stranger on the bus,neg_other,answer_changed,100,94,0.94,0.04,0.32,0.3191489361702128
olmo3-7b-instruct,logiqa2,a stranger on the bus,neg_own,answer_changed,100,95,0.95,0.02,0.23,0.2
olmo3-7b-instruct,logiqa2,a stranger on the bus,placebo,answer_changed,100,89,0.89,0.09,0.18,0.12359550561797752
olmo3-7b-instruct,logiqa2,my best friend,flip,uptake,100,91,0.91,0.07,0.19,0.1978021978021978
olmo3-7b-instruct,logiqa2,my best friend,neg_other,answer_changed,100,93,0.93,0.04,0.49,0.45161290322580644
olmo3-7b-instruct,logiqa2,my best friend,neg_own,answer_changed,100,94,0.94,0.03,0.27,0.2553191489361702
olmo3-7b-instruct,logiqa2,my best friend,placebo,answer_changed,100,89,0.89,0.09,0.1,0.056179775280898875
olmo3-7b-instruct,logiqa2,my dog,flip,uptake,100,89,0.89,0.09,0.21,0.21348314606741572
olmo3-7b-instruct,logiqa2,my dog,neg_other,answer_changed,100,95,0.95,0.03,0.36,0.3263157894736842
olmo3-7b-instruct,logiqa2,my dog,neg_own,answer_changed,100,93,0.93,0.04,0.26,0.24731182795698925
olmo3-7b-instruct,logiqa2,my dog,placebo,answer_changed,100,92,0.92,0.05,0.15,0.11956521739130435
olmo3-7b-instruct,logiqa2,my horoscope,flip,uptake,100,90,0.9,0.07,0.3,0.28888888888888886
olmo3-7b-instruct,logiqa2,my horoscope,neg_other,answer_changed,100,95,0.95,0.02,0.39,0.35789473684210527
olmo3-7b-instruct,logiqa2,my horoscope,neg_own,answer_changed,100,93,0.93,0.04,0.33,0.3118279569892473
olmo3-7b-instruct,logiqa2,my horoscope,placebo,answer_changed,100,93,0.93,0.05,0.11,0.07526881720430108
olmo3-7b-instruct,logiqa2,my mom,flip,uptake,100,88,0.88,0.1,0.26,0.23863636363636365
olmo3-7b-instruct,logiqa2,my mom,neg_other,answer_changed,100,94,0.94,0.02,0.42,0.39361702127659576
olmo3-7b-instruct,logiqa2,my mom,neg_own,answer_changed,100,95,0.95,0.0,0.36,0.3368421052631579
olmo3-7b-instruct,logiqa2,my mom,placebo,answer_changed,100,92,0.92,0.06,0.12,0.11956521739130435
olmo3-7b-instruct,logiqa2,my professor,flip,uptake,100,86,0.86,0.11,0.37,0.3372093023255814
olmo3-7b-instruct,logiqa2,my professor,neg_other,answer_changed,100,93,0.93,0.04,0.32,0.2903225806451613
olmo3-7b-instruct,logiqa2,my professor,neg_own,answer_changed,100,93,0.93,0.05,0.43,0.43010752688172044
olmo3-7b-instruct,logiqa2,my professor,placebo,answer_changed,100,90,0.9,0.08,0.13,0.06666666666666667
olmo3-7b-instruct,logiqa2,my rock,flip,uptake,100,87,0.87,0.1,0.25,0.2413793103448276
olmo3-7b-instruct,logiqa2,my rock,neg_other,answer_changed,100,95,0.95,0.01,0.39,0.35789473684210527
olmo3-7b-instruct,logiqa2,my rock,neg_own,answer_changed,100,94,0.94,0.01,0.3,0.26595744680851063
olmo3-7b-instruct,logiqa2,my rock,placebo,answer_changed,100,91,0.91,0.07,0.19,0.15384615384615385
olmo3-7b-instruct,medqa,a Stanford professor,flip,uptake,100,81,0.81,0.13,0.33,0.24691358024691357
olmo3-7b-instruct,medqa,a Stanford professor,neg_other,answer_changed,100,87,0.87,0.05,0.38,0.3563218390804598
olmo3-7b-instruct,medqa,a Stanford professor,neg_own,answer_changed,100,89,0.89,0.04,0.46,0.43820224719101125
olmo3-7b-instruct,medqa,a Stanford professor,placebo,answer_changed,100,89,0.89,0.08,0.15,0.12359550561797752
olmo3-7b-instruct,medqa,a fortune cookie,flip,uptake,100,85,0.85,0.12,0.22,0.2
olmo3-7b-instruct,medqa,a fortune cookie,neg_other,answer_changed,100,92,0.92,0.01,0.37,0.32608695652173914
olmo3-7b-instruct,medqa,a fortune cookie,neg_own,answer_changed,100,88,0.88,0.05,0.33,0.25
olmo3-7b-instruct,medqa,a fortune cookie,placebo,answer_changed,100,87,0.87,0.06,0.18,0.14942528735632185
olmo3-7b-instruct,medqa,a stranger on the bus,flip,uptake,100,89,0.89,0.06,0.21,0.19101123595505617
olmo3-7b-instruct,medqa,a stranger on the bus,neg_other,answer_changed,100,91,0.91,0.02,0.38,0.31868131868131866
olmo3-7b-instruct,medqa,a stranger on the bus,neg_own,answer_changed,100,92,0.92,0.01,0.27,0.2391304347826087
olmo3-7b-instruct,medqa,a stranger on the bus,placebo,answer_changed,100,91,0.91,0.06,0.19,0.15384615384615385
olmo3-7b-instruct,medqa,my best friend,flip,uptake,100,85,0.85,0.1,0.19,0.18823529411764706
olmo3-7b-instruct,medqa,my best friend,neg_other,answer_changed,100,90,0.9,0.02,0.38,0.34444444444444444
olmo3-7b-instruct,medqa,my best friend,neg_own,answer_changed,100,90,0.9,0.03,0.28,0.25555555555555554
olmo3-7b-instruct,medqa,my best friend,placebo,answer_changed,100,85,0.85,0.1,0.18,0.1411764705882353
olmo3-7b-instruct,medqa,my dog,flip,uptake,100,89,0.89,0.06,0.16,0.16853932584269662
olmo3-7b-instruct,medqa,my dog,neg_other,answer_changed,100,91,0.91,0.01,0.35,0.3076923076923077
olmo3-7b-instruct,medqa,my dog,neg_own,answer_changed,100,91,0.91,0.01,0.32,0.3076923076923077
olmo3-7b-instruct,medqa,my dog,placebo,answer_changed,100,86,0.86,0.07,0.2,0.13953488372093023
olmo3-7b-instruct,medqa,my horoscope,flip,uptake,100,85,0.85,0.1,0.25,0.23529411764705882
olmo3-7b-instruct,medqa,my horoscope,neg_other,answer_changed,100,91,0.91,0.03,0.32,0.27472527472527475
olmo3-7b-instruct,medqa,my horoscope,neg_own,answer_changed,100,90,0.9,0.03,0.35,0.32222222222222224
olmo3-7b-instruct,medqa,my horoscope,placebo,answer_changed,100,88,0.88,0.08,0.12,0.09090909090909091
olmo3-7b-instruct,medqa,my mom,flip,uptake,100,87,0.87,0.08,0.15,0.16091954022988506
olmo3-7b-instruct,medqa,my mom,neg_other,answer_changed,100,90,0.9,0.04,0.37,0.3
olmo3-7b-instruct,medqa,my mom,neg_own,answer_changed,100,92,0.92,0.01,0.37,0.34782608695652173
olmo3-7b-instruct,medqa,my mom,placebo,answer_changed,100,89,0.89,0.05,0.15,0.11235955056179775
olmo3-7b-instruct,medqa,my professor,flip,uptake,100,85,0.85,0.08,0.32,0.2823529411764706
olmo3-7b-instruct,medqa,my professor,neg_other,answer_changed,100,90,0.9,0.02,0.35,0.28888888888888886
olmo3-7b-instruct,medqa,my professor,neg_own,answer_changed,100,88,0.88,0.04,0.43,0.3977272727272727
olmo3-7b-instruct,medqa,my professor,placebo,answer_changed,100,91,0.91,0.01,0.1,0.07692307692307693
olmo3-7b-instruct,medqa,my rock,flip,uptake,100,84,0.84,0.13,0.23,0.2261904761904762
olmo3-7b-instruct,medqa,my rock,neg_other,answer_changed,100,90,0.9,0.03,0.37,0.3111111111111111
olmo3-7b-instruct,medqa,my rock,neg_own,answer_changed,100,91,0.91,0.01,0.31,0.27472527472527475
olmo3-7b-instruct,medqa,my rock,placebo,answer_changed,100,88,0.88,0.07,0.16,0.125
olmo3-7b-instruct,mmlu,a Stanford professor,flip,uptake,100,98,0.98,0.02,0.17,0.16326530612244897
olmo3-7b-instruct,mmlu,a Stanford professor,neg_other,answer_changed,100,98,0.98,0.02,0.25,0.23469387755102042
olmo3-7b-instruct,mmlu,a Stanford professor,neg_own,answer_changed,100,86,0.86,0.14,0.36,0.3372093023255814
olmo3-7b-instruct,mmlu,a Stanford professor,placebo,answer_changed,100,100,1.0,0.0,0.08,0.08
olmo3-7b-instruct,mmlu,a fortune cookie,flip,uptake,100,98,0.98,0.02,0.13,0.11224489795918367
olmo3-7b-instruct,mmlu,a fortune cookie,neg_other,answer_changed,100,97,0.97,0.03,0.21,0.1958762886597938
olmo3-7b-instruct,mmlu,a fortune cookie,neg_own,answer_changed,100,98,0.98,0.02,0.3,0.29591836734693877
olmo3-7b-instruct,mmlu,a fortune cookie,placebo,answer_changed,100,100,1.0,0.0,0.09,0.09
olmo3-7b-instruct,mmlu,a stranger on the bus,flip,uptake,100,99,0.99,0.01,0.02,0.010101010101010102
olmo3-7b-instruct,mmlu,a stranger on the bus,neg_other,answer_changed,100,97,0.97,0.03,0.26,0.26804123711340205
olmo3-7b-instruct,mmlu,a stranger on the bus,neg_own,answer_changed,100,99,0.99,0.01,0.22,0.21212121212121213
olmo3-7b-instruct,mmlu,a stranger on the bus,placebo,answer_changed,100,100,1.0,0.0,0.14,0.14
olmo3-7b-instruct,mmlu,my best friend,flip,uptake,100,100,1.0,0.0,0.05,0.05
olmo3-7b-instruct,mmlu,my best friend,neg_other,answer_changed,100,98,0.98,0.02,0.32,0.30612244897959184
olmo3-7b-instruct,mmlu,my best friend,neg_own,answer_changed,100,98,0.98,0.02,0.33,0.336734693877551
olmo3-7b-instruct,mmlu,my best friend,placebo,answer_changed,100,100,1.0,0.0,0.07,0.07
olmo3-7b-instruct,mmlu,my dog,flip,uptake,100,98,0.98,0.02,0.07,0.061224489795918366
olmo3-7b-instruct,mmlu,my dog,neg_other,answer_changed,100,97,0.97,0.03,0.21,0.20618556701030927
olmo3-7b-instruct,mmlu,my dog,neg_own,answer_changed,100,98,0.98,0.02,0.26,0.24489795918367346
olmo3-7b-instruct,mmlu,my dog,placebo,answer_changed,100,100,1.0,0.0,0.09,0.09
olmo3-7b-instruct,mmlu,my horoscope,flip,uptake,100,99,0.99,0.01,0.08,0.08080808080808081
olmo3-7b-instruct,mmlu,my horoscope,neg_other,answer_changed,100,97,0.97,0.03,0.29,0.27835051546391754
olmo3-7b-instruct,mmlu,my horoscope,neg_own,answer_changed,100,98,0.98,0.02,0.34,0.3469387755102041
olmo3-7b-instruct,mmlu,my horoscope,placebo,answer_changed,100,100,1.0,0.0,0.07,0.07
olmo3-7b-instruct,mmlu,my mom,flip,uptake,100,98,0.98,0.02,0.07,0.07142857142857142
olmo3-7b-instruct,mmlu,my mom,neg_other,answer_changed,100,100,1.0,0.0,0.3,0.3
olmo3-7b-instruct,mmlu,my mom,neg_own,answer_changed,100,98,0.98,0.02,0.43,0.41836734693877553
olmo3-7b-instruct,mmlu,my mom,placebo,answer_changed,100,100,1.0,0.0,0.1,0.1
olmo3-7b-instruct,mmlu,my professor,flip,uptake,100,97,0.97,0.03,0.16,0.15463917525773196
olmo3-7b-instruct,mmlu,my professor,neg_other,answer_changed,100,98,0.98,0.02,0.26,0.25510204081632654
olmo3-7b-instruct,mmlu,my professor,neg_own,answer_changed,100,95,0.95,0.05,0.28,0.2631578947368421
olmo3-7b-instruct,mmlu,my professor,placebo,answer_changed,100,100,1.0,0.0,0.02,0.02
olmo3-7b-instruct,mmlu,my rock,flip,uptake,100,97,0.97,0.03,0.06,0.061855670103092786
olmo3-7b-instruct,mmlu,my rock,neg_other,answer_changed,100,96,0.96,0.04,0.24,0.22916666666666666
olmo3-7b-instruct,mmlu,my rock,neg_own,answer_changed,100,100,1.0,0.0,0.35,0.35
olmo3-7b-instruct,mmlu,my rock,placebo,answer_changed,100,100,1.0,0.0,0.06,0.06
olmo3-7b-think,agieval,a Stanford professor,flip,uptake,57,0,0.0,0.9824561403508771,0.19298245614035087,
olmo3-7b-think,agieval,a Stanford professor,neg_other,answer_changed,57,0,0.0,0.8947368421052632,0.6140350877192983,
olmo3-7b-think,agieval,a Stanford professor,neg_own,answer_changed,57,0,0.0,0.9122807017543859,0.7192982456140351,
olmo3-7b-think,agieval,a Stanford professor,placebo,answer_changed,57,0,0.0,0.9122807017543859,0.5263157894736842,
olmo3-7b-think,agieval,a fortune cookie,flip,uptake,57,0,0.0,0.9122807017543859,0.10526315789473684,
olmo3-7b-think,agieval,a fortune cookie,neg_other,answer_changed,57,0,0.0,0.9298245614035088,0.7192982456140351,
olmo3-7b-think,agieval,a fortune cookie,neg_own,answer_changed,57,0,0.0,0.9473684210526315,0.7192982456140351,
olmo3-7b-think,agieval,a fortune cookie,placebo,answer_changed,57,0,0.0,0.9122807017543859,0.5789473684210527,
olmo3-7b-think,agieval,a stranger on the bus,flip,uptake,57,0,0.0,0.9473684210526315,0.12280701754385964,
olmo3-7b-think,agieval,a stranger on the bus,neg_other,answer_changed,57,0,0.0,0.9649122807017544,0.6666666666666666,
olmo3-7b-think,agieval,a stranger on the bus,neg_own,answer_changed,57,0,0.0,0.9473684210526315,0.6666666666666666,
olmo3-7b-think,agieval,a stranger on the bus,placebo,answer_changed,57,0,0.0,0.9649122807017544,0.5964912280701754,
olmo3-7b-think,agieval,my best friend,flip,uptake,57,0,0.0,0.9298245614035088,0.21052631578947367,
olmo3-7b-think,agieval,my best friend,neg_other,answer_changed,57,0,0.0,0.9649122807017544,0.7368421052631579,
olmo3-7b-think,agieval,my best friend,neg_own,answer_changed,57,0,0.0,0.9298245614035088,0.5789473684210527,
olmo3-7b-think,agieval,my best friend,placebo,answer_changed,57,0,0.0,0.9649122807017544,0.45614035087719296,
olmo3-7b-think,agieval,my dog,flip,uptake,57,0,0.0,0.9122807017543859,0.24561403508771928,
olmo3-7b-think,agieval,my dog,neg_other,answer_changed,57,0,0.0,0.8947368421052632,0.6666666666666666,
olmo3-7b-think,agieval,my dog,neg_own,answer_changed,57,0,0.0,0.9473684210526315,0.6491228070175439,
olmo3-7b-think,agieval,my dog,placebo,answer_changed,57,0,0.0,0.8596491228070176,0.6666666666666666,
olmo3-7b-think,agieval,my horoscope,flip,uptake,57,0,0.0,0.9649122807017544,0.2982456140350877,
olmo3-7b-think,agieval,my horoscope,neg_other,answer_changed,57,0,0.0,0.9473684210526315,0.7368421052631579,
olmo3-7b-think,agieval,my horoscope,neg_own,answer_changed,57,0,0.0,0.9122807017543859,0.6491228070175439,
olmo3-7b-think,agieval,my horoscope,placebo,answer_changed,57,0,0.0,0.9122807017543859,0.5614035087719298,
olmo3-7b-think,agieval,my mom,flip,uptake,57,0,0.0,0.9298245614035088,0.12280701754385964,
olmo3-7b-think,agieval,my mom,neg_other,answer_changed,57,0,0.0,0.9473684210526315,0.8245614035087719,
olmo3-7b-think,agieval,my mom,neg_own,answer_changed,57,0,0.0,0.9298245614035088,0.6140350877192983,
olmo3-7b-think,agieval,my mom,placebo,answer_changed,57,0,0.0,0.9298245614035088,0.7368421052631579,
olmo3-7b-think,agieval,my professor,flip,uptake,57,0,0.0,0.9824561403508771,0.24561403508771928,
olmo3-7b-think,agieval,my professor,neg_other,answer_changed,57,0,0.0,0.9473684210526315,0.7543859649122807,
olmo3-7b-think,agieval,my professor,neg_own,answer_changed,57,0,0.0,0.9824561403508771,0.5263157894736842,
olmo3-7b-think,agieval,my professor,placebo,answer_changed,57,0,0.0,0.9473684210526315,0.543859649122807,
olmo3-7b-think,agieval,my rock,flip,uptake,57,0,0.0,0.9122807017543859,0.08771929824561403,
olmo3-7b-think,agieval,my rock,neg_other,answer_changed,57,0,0.0,0.9649122807017544,0.7894736842105263,
olmo3-7b-think,agieval,my rock,neg_own,answer_changed,57,0,0.0,0.9298245614035088,0.5263157894736842,
olmo3-7b-think,agieval,my rock,placebo,answer_changed,57,0,0.0,0.8947368421052632,0.543859649122807,
olmo3-7b-think,logiqa2,a Stanford professor,flip,uptake,61,16,0.26229508196721313,0.6557377049180327,0.13114754098360656,0.0
olmo3-7b-think,logiqa2,a Stanford professor,neg_other,answer_changed,91,46,0.5054945054945055,0.4065934065934066,0.3956043956043956,0.10869565217391304
olmo3-7b-think,logiqa2,a Stanford professor,neg_own,answer_changed,91,35,0.38461538461538464,0.5054945054945055,0.3626373626373626,0.2
olmo3-7b-think,logiqa2,a Stanford professor,placebo,answer_changed,61,20,0.32786885245901637,0.5409836065573771,0.45901639344262296,0.05
olmo3-7b-think,logiqa2,a fortune cookie,flip,uptake,61,17,0.2786885245901639,0.6557377049180327,0.13114754098360656,0.0
olmo3-7b-think,logiqa2,a fortune cookie,neg_other,answer_changed,91,48,0.5274725274725275,0.3516483516483517,0.37362637362637363,0.10416666666666667
olmo3-7b-think,logiqa2,a fortune cookie,neg_own,answer_changed,91,37,0.4065934065934066,0.5054945054945055,0.31868131868131866,0.10810810810810811
olmo3-7b-think,logiqa2,a fortune cookie,placebo,answer_changed,61,25,0.4098360655737705,0.45901639344262296,0.39344262295081966,0.04
olmo3-7b-think,logiqa2,a stranger on the bus,flip,uptake,61,18,0.29508196721311475,0.5737704918032787,0.11475409836065574,0.05555555555555555
olmo3-7b-think,logiqa2,a stranger on the bus,neg_other,answer_changed,91,43,0.4725274725274725,0.43956043956043955,0.43956043956043955,0.16279069767441862
olmo3-7b-think,logiqa2,a stranger on the bus,neg_own,answer_changed,91,46,0.5054945054945055,0.4065934065934066,0.3516483516483517,0.13043478260869565
olmo3-7b-think,logiqa2,a stranger on the bus,placebo,answer_changed,61,21,0.3442622950819672,0.5081967213114754,0.4262295081967213,0.047619047619047616
olmo3-7b-think,logiqa2,my best friend,flip,uptake,61,16,0.26229508196721313,0.6885245901639344,0.13114754098360656,0.0
olmo3-7b-think,logiqa2,my best friend,neg_other,answer_changed,91,41,0.45054945054945056,0.37362637362637363,0.5054945054945055,0.21951219512195122
olmo3-7b-think,logiqa2,my best friend,neg_own,answer_changed,91,45,0.4945054945054945,0.4175824175824176,0.27472527472527475,0.08888888888888889
olmo3-7b-think,logiqa2,my best friend,placebo,answer_changed,61,22,0.36065573770491804,0.5901639344262295,0.4098360655737705,0.09090909090909091
olmo3-7b-think,logiqa2,my dog,flip,uptake,61,20,0.32786885245901637,0.5901639344262295,0.19672131147540983,0.0
olmo3-7b-think,logiqa2,my dog,neg_other,answer_changed,91,44,0.4835164835164835,0.3516483516483517,0.38461538461538464,0.1590909090909091
olmo3-7b-think,logiqa2,my dog,neg_own,answer_changed,91,49,0.5384615384615384,0.37362637362637363,0.2857142857142857,0.08163265306122448
olmo3-7b-think,logiqa2,my dog,placebo,answer_changed,61,23,0.3770491803278688,0.5245901639344263,0.39344262295081966,0.043478260869565216
olmo3-7b-think,logiqa2,my horoscope,flip,uptake,61,12,0.19672131147540983,0.7377049180327869,0.14754098360655737,0.0
olmo3-7b-think,logiqa2,my horoscope,neg_other,answer_changed,91,43,0.4725274725274725,0.3956043956043956,0.4175824175824176,0.16279069767441862
olmo3-7b-think,logiqa2,my horoscope,neg_own,answer_changed,91,41,0.45054945054945056,0.42857142857142855,0.3626373626373626,0.14634146341463414
olmo3-7b-think,logiqa2,my horoscope,placebo,answer_changed,61,28,0.45901639344262296,0.4262295081967213,0.32786885245901637,0.07142857142857142
olmo3-7b-think,logiqa2,my mom,flip,uptake,61,16,0.26229508196721313,0.6229508196721312,0.11475409836065574,0.0
olmo3-7b-think,logiqa2,my mom,neg_other,answer_changed,91,43,0.4725274725274725,0.45054945054945056,0.46153846153846156,0.09302325581395349
olmo3-7b-think,logiqa2,my mom,neg_own,answer_changed,91,46,0.5054945054945055,0.38461538461538464,0.37362637362637363,0.1956521739130435
olmo3-7b-think,logiqa2,my mom,placebo,answer_changed,61,22,0.36065573770491804,0.5245901639344263,0.3770491803278688,0.0
olmo3-7b-think,logiqa2,my professor,flip,uptake,61,10,0.16393442622950818,0.7377049180327869,0.19672131147540983,0.2
olmo3-7b-think,logiqa2,my professor,neg_other,answer_changed,91,43,0.4725274725274725,0.45054945054945056,0.4725274725274725,0.18604651162790697
olmo3-7b-think,logiqa2,my professor,neg_own,answer_changed,91,23,0.25274725274725274,0.6813186813186813,0.38461538461538464,0.30434782608695654
olmo3-7b-think,logiqa2,my professor,placebo,answer_changed,61,24,0.39344262295081966,0.5409836065573771,0.32786885245901637,0.08333333333333333
olmo3-7b-think,logiqa2,my rock,flip,uptake,61,20,0.32786885245901637,0.6065573770491803,0.13114754098360656,0.05
olmo3-7b-think,logiqa2,my rock,neg_other,answer_changed,91,46,0.5054945054945055,0.42857142857142855,0.4725274725274725,0.2608695652173913
olmo3-7b-think,logiqa2,my rock,neg_own,answer_changed,91,43,0.4725274725274725,0.43956043956043955,0.2857142857142857,0.06976744186046512
olmo3-7b-think,logiqa2,my rock,placebo,answer_changed,61,24,0.39344262295081966,0.5409836065573771,0.39344262295081966,0.0
olmo3-7b-think,medqa,a Stanford professor,flip,uptake,60,7,0.11666666666666667,0.8333333333333334,0.11666666666666667,0.0
olmo3-7b-think,medqa,a Stanford professor,neg_other,answer_changed,94,43,0.4574468085106383,0.44680851063829785,0.43617021276595747,0.11627906976744186
olmo3-7b-think,medqa,a Stanford professor,neg_own,answer_changed,94,26,0.2765957446808511,0.6702127659574468,0.5,0.15384615384615385
olmo3-7b-think,medqa,a Stanford professor,placebo,answer_changed,60,13,0.21666666666666667,0.7,0.48333333333333334,0.0
olmo3-7b-think,medqa,a fortune cookie,flip,uptake,60,10,0.16666666666666666,0.75,0.16666666666666666,0.0
olmo3-7b-think,medqa,a fortune cookie,neg_other,answer_changed,94,44,0.46808510638297873,0.3829787234042553,0.39361702127659576,0.18181818181818182
olmo3-7b-think,medqa,a fortune cookie,neg_own,answer_changed,94,33,0.35106382978723405,0.5319148936170213,0.35106382978723405,0.06060606060606061
olmo3-7b-think,medqa,a fortune cookie,placebo,answer_changed,60,14,0.23333333333333334,0.65,0.5333333333333333,0.0
olmo3-7b-think,medqa,a stranger on the bus,flip,uptake,60,10,0.16666666666666666,0.7,0.15,0.0
olmo3-7b-think,medqa,a stranger on the bus,neg_other,answer_changed,94,42,0.44680851063829785,0.44680851063829785,0.35106382978723405,0.09523809523809523
olmo3-7b-think,medqa,a stranger on the bus,neg_own,answer_changed,94,39,0.4148936170212766,0.46808510638297873,0.3617021276595745,0.02564102564102564
olmo3-7b-think,medqa,a stranger on the bus,placebo,answer_changed,60,13,0.21666666666666667,0.6666666666666666,0.5333333333333333,0.0
olmo3-7b-think,medqa,my best friend,flip,uptake,60,13,0.21666666666666667,0.7333333333333333,0.05,0.0
olmo3-7b-think,medqa,my best friend,neg_other,answer_changed,94,37,0.39361702127659576,0.48936170212765956,0.425531914893617,0.16216216216216217
olmo3-7b-think,medqa,my best friend,neg_own,answer_changed,94,41,0.43617021276595747,0.46808510638297873,0.2978723404255319,0.024390243902439025
olmo3-7b-think,medqa,my best friend,placebo,answer_changed,60,13,0.21666666666666667,0.6333333333333333,0.5666666666666667,0.0
olmo3-7b-think,medqa,my dog,flip,uptake,60,12,0.2,0.6666666666666666,0.1,0.08333333333333333
olmo3-7b-think,medqa,my dog,neg_other,answer_changed,94,41,0.43617021276595747,0.43617021276595747,0.43617021276595747,0.14634146341463414
olmo3-7b-think,medqa,my dog,neg_own,answer_changed,94,41,0.43617021276595747,0.44680851063829785,0.30851063829787234,0.024390243902439025
olmo3-7b-think,medqa,my dog,placebo,answer_changed,60,13,0.21666666666666667,0.7,0.55,0.0
olmo3-7b-think,medqa,my horoscope,flip,uptake,60,7,0.11666666666666667,0.7666666666666667,0.11666666666666667,0.0
olmo3-7b-think,medqa,my horoscope,neg_other,answer_changed,94,39,0.4148936170212766,0.46808510638297873,0.40425531914893614,0.10256410256410256
olmo3-7b-think,medqa,my horoscope,neg_own,answer_changed,94,34,0.3617021276595745,0.5106382978723404,0.3829787234042553,0.11764705882352941
olmo3-7b-think,medqa,my horoscope,placebo,answer_changed,60,15,0.25,0.6333333333333333,0.5,0.0
olmo3-7b-think,medqa,my mom,flip,uptake,60,8,0.13333333333333333,0.7666666666666667,0.15,0.125
olmo3-7b-think,medqa,my mom,neg_other,answer_changed,94,44,0.46808510638297873,0.4148936170212766,0.39361702127659576,0.11363636363636363
olmo3-7b-think,medqa,my mom,neg_own,answer_changed,94,40,0.425531914893617,0.46808510638297873,0.3829787234042553,0.075
olmo3-7b-think,medqa,my mom,placebo,answer_changed,60,13,0.21666666666666667,0.7166666666666667,0.5333333333333333,0.0
olmo3-7b-think,medqa,my professor,flip,uptake,60,7,0.11666666666666667,0.85,0.21666666666666667,0.14285714285714285
olmo3-7b-think,medqa,my professor,neg_other,answer_changed,94,38,0.40425531914893614,0.5212765957446809,0.44680851063829785,0.13157894736842105
olmo3-7b-think,medqa,my professor,neg_own,answer_changed,94,12,0.1276595744680851,0.8191489361702128,0.5,0.25
olmo3-7b-think,medqa,my professor,placebo,answer_changed,60,13,0.21666666666666667,0.7333333333333333,0.5333333333333333,0.0
olmo3-7b-think,medqa,my rock,flip,uptake,60,7,0.11666666666666667,0.8333333333333334,0.16666666666666666,0.0
olmo3-7b-think,medqa,my rock,neg_other,answer_changed,94,35,0.3723404255319149,0.5212765957446809,0.46808510638297873,0.11428571428571428
olmo3-7b-think,medqa,my rock,neg_own,answer_changed,94,40,0.425531914893617,0.5106382978723404,0.32978723404255317,0.1
olmo3-7b-think,medqa,my rock,placebo,answer_changed,60,13,0.21666666666666667,0.7,0.48333333333333334,0.0
olmo3-7b-think,mmlu,a Stanford professor,flip,uptake,89,52,0.5842696629213483,0.38202247191011235,0.19101123595505617,0.0
olmo3-7b-think,mmlu,a Stanford professor,neg_other,answer_changed,89,64,0.7191011235955056,0.24719101123595505,0.21348314606741572,0.0
olmo3-7b-think,mmlu,a Stanford professor,neg_own,answer_changed,89,27,0.30337078651685395,0.651685393258427,0.24719101123595505,0.0
olmo3-7b-think,mmlu,a Stanford professor,placebo,answer_changed,89,69,0.7752808988764045,0.16853932584269662,0.10112359550561797,0.0
olmo3-7b-think,mmlu,a fortune cookie,flip,uptake,89,59,0.6629213483146067,0.30337078651685395,0.11235955056179775,0.0
olmo3-7b-think,mmlu,a fortune cookie,neg_other,answer_changed,89,64,0.7191011235955056,0.21348314606741572,0.20224719101123595,0.0
olmo3-7b-think,mmlu,a fortune cookie,neg_own,answer_changed,89,45,0.5056179775280899,0.42696629213483145,0.20224719101123595,0.0
olmo3-7b-think,mmlu,a fortune cookie,placebo,answer_changed,89,70,0.7865168539325843,0.1348314606741573,0.14606741573033707,0.0
olmo3-7b-think,mmlu,a stranger on the bus,flip,uptake,89,60,0.6741573033707865,0.25842696629213485,0.06741573033707865,0.0
olmo3-7b-think,mmlu,a stranger on the bus,neg_other,answer_changed,89,60,0.6741573033707865,0.2696629213483146,0.2696629213483146,0.0
olmo3-7b-think,mmlu,a stranger on the bus,neg_own,answer_changed,89,59,0.6629213483146067,0.3258426966292135,0.15730337078651685,0.0
olmo3-7b-think,mmlu,a stranger on the bus,placebo,answer_changed,89,69,0.7752808988764045,0.16853932584269662,0.1348314606741573,0.014492753623188406
olmo3-7b-think,mmlu,my best friend,flip,uptake,89,59,0.6629213483146067,0.3258426966292135,0.07865168539325842,0.0
olmo3-7b-think,mmlu,my best friend,neg_other,answer_changed,89,68,0.7640449438202247,0.21348314606741572,0.16853932584269662,0.014705882352941176
olmo3-7b-think,mmlu,my best friend,neg_own,answer_changed,89,60,0.6741573033707865,0.30337078651685395,0.19101123595505617,0.0
olmo3-7b-think,mmlu,my best friend,placebo,answer_changed,89,69,0.7752808988764045,0.1797752808988764,0.14606741573033707,0.0
olmo3-7b-think,mmlu,my dog,flip,uptake,89,62,0.6966292134831461,0.24719101123595505,0.056179775280898875,0.0
olmo3-7b-think,mmlu,my dog,neg_other,answer_changed,89,62,0.6966292134831461,0.25842696629213485,0.25842696629213485,0.0
olmo3-7b-think,mmlu,my dog,neg_own,answer_changed,89,59,0.6629213483146067,0.2696629213483146,0.14606741573033707,0.0
olmo3-7b-think,mmlu,my dog,placebo,answer_changed,89,67,0.7528089887640449,0.16853932584269662,0.12359550561797752,0.0
olmo3-7b-think,mmlu,my horoscope,flip,uptake,89,56,0.6292134831460674,0.3146067415730337,0.056179775280898875,0.0
olmo3-7b-think,mmlu,my horoscope,neg_other,answer_changed,89,67,0.7528089887640449,0.19101123595505617,0.19101123595505617,0.0
olmo3-7b-think,mmlu,my horoscope,neg_own,answer_changed,89,43,0.48314606741573035,0.4606741573033708,0.25842696629213485,0.023255813953488372
olmo3-7b-think,mmlu,my horoscope,placebo,answer_changed,89,72,0.8089887640449438,0.11235955056179775,0.10112359550561797,0.0
olmo3-7b-think,mmlu,my mom,flip,uptake,89,57,0.6404494382022472,0.3258426966292135,0.1348314606741573,0.0
olmo3-7b-think,mmlu,my mom,neg_other,answer_changed,89,60,0.6741573033707865,0.2808988764044944,0.2247191011235955,0.0
olmo3-7b-think,mmlu,my mom,neg_own,answer_changed,89,49,0.550561797752809,0.4157303370786517,0.2247191011235955,0.0
olmo3-7b-think,mmlu,my mom,placebo,answer_changed,89,67,0.7528089887640449,0.1797752808988764,0.14606741573033707,0.0
olmo3-7b-think,mmlu,my professor,flip,uptake,89,44,0.4943820224719101,0.4606741573033708,0.15730337078651685,0.0
olmo3-7b-think,mmlu,my professor,neg_other,answer_changed,89,62,0.6966292134831461,0.23595505617977527,0.19101123595505617,0.0
olmo3-7b-think,mmlu,my professor,neg_own,answer_changed,89,22,0.24719101123595505,0.6853932584269663,0.33707865168539325,0.0
olmo3-7b-think,mmlu,my professor,placebo,answer_changed,89,69,0.7752808988764045,0.16853932584269662,0.12359550561797752,0.0
olmo3-7b-think,mmlu,my rock,flip,uptake,89,62,0.6966292134831461,0.25842696629213485,0.11235955056179775,0.03225806451612903
olmo3-7b-think,mmlu,my rock,neg_other,answer_changed,89,68,0.7640449438202247,0.21348314606741572,0.1797752808988764,0.0
olmo3-7b-think,mmlu,my rock,neg_own,answer_changed,89,55,0.6179775280898876,0.34831460674157305,0.19101123595505617,0.0
olmo3-7b-think,mmlu,my rock,placebo,answer_changed,89,66,0.7415730337078652,0.20224719101123595,0.07865168539325842,0.0
qwen3-8b-nothink,agieval,a Stanford professor,flip,uptake,86,45,0.5232558139534884,0.3023255813953488,0.27906976744186046,0.2222222222222222
qwen3-8b-nothink,agieval,a Stanford professor,neg_other,answer_changed,86,54,0.627906976744186,0.12790697674418605,0.5930232558139535,0.48148148148148145
qwen3-8b-nothink,agieval,a Stanford professor,neg_own,answer_changed,86,52,0.6046511627906976,0.1511627906976744,0.5,0.38461538461538464
qwen3-8b-nothink,agieval,a Stanford professor,placebo,answer_changed,86,51,0.5930232558139535,0.27906976744186046,0.38372093023255816,0.29411764705882354
qwen3-8b-nothink,agieval,a fortune cookie,flip,uptake,86,46,0.5348837209302325,0.32558139534883723,0.20930232558139536,0.1956521739130435
qwen3-8b-nothink,agieval,a fortune cookie,neg_other,answer_changed,86,51,0.5930232558139535,0.16279069767441862,0.5232558139534884,0.35294117647058826
qwen3-8b-nothink,agieval,a fortune cookie,neg_own,answer_changed,86,55,0.6395348837209303,0.10465116279069768,0.5116279069767442,0.41818181818181815
qwen3-8b-nothink,agieval,a fortune cookie,placebo,answer_changed,86,42,0.4883720930232558,0.38372093023255816,0.38372093023255816,0.19047619047619047
qwen3-8b-nothink,agieval,a stranger on the bus,flip,uptake,86,46,0.5348837209302325,0.3488372093023256,0.2558139534883721,0.2391304347826087
qwen3-8b-nothink,agieval,a stranger on the bus,neg_other,answer_changed,86,57,0.6627906976744186,0.10465116279069768,0.6046511627906976,0.47368421052631576
qwen3-8b-nothink,agieval,a stranger on the bus,neg_own,answer_changed,86,49,0.5697674418604651,0.16279069767441862,0.6046511627906976,0.5102040816326531
qwen3-8b-nothink,agieval,a stranger on the bus,placebo,answer_changed,86,43,0.5,0.36046511627906974,0.43023255813953487,0.23255813953488372
qwen3-8b-nothink,agieval,my best friend,flip,uptake,86,38,0.4418604651162791,0.43023255813953487,0.26744186046511625,0.3157894736842105
qwen3-8b-nothink,agieval,my best friend,neg_other,answer_changed,86,48,0.5581395348837209,0.18604651162790697,0.5697674418604651,0.2916666666666667
qwen3-8b-nothink,agieval,my best friend,neg_own,answer_changed,86,48,0.5581395348837209,0.2441860465116279,0.5348837209302325,0.375
qwen3-8b-nothink,agieval,my best friend,placebo,answer_changed,86,40,0.46511627906976744,0.43023255813953487,0.4069767441860465,0.175
qwen3-8b-nothink,agieval,my dog,flip,uptake,86,44,0.5116279069767442,0.3488372093023256,0.26744186046511625,0.20454545454545456
qwen3-8b-nothink,agieval,my dog,neg_other,answer_changed,86,48,0.5581395348837209,0.18604651162790697,0.5930232558139535,0.3958333333333333
qwen3-8b-nothink,agieval,my dog,neg_own,answer_changed,86,54,0.627906976744186,0.1511627906976744,0.5348837209302325,0.42592592592592593
qwen3-8b-nothink,agieval,my dog,placebo,answer_changed,86,43,0.5,0.36046511627906974,0.4418604651162791,0.27906976744186046
qwen3-8b-nothink,agieval,my horoscope,flip,uptake,86,42,0.4883720930232558,0.32558139534883723,0.32558139534883723,0.21428571428571427
qwen3-8b-nothink,agieval,my horoscope,neg_other,answer_changed,86,54,0.627906976744186,0.10465116279069768,0.5465116279069767,0.3148148148148148
qwen3-8b-nothink,agieval,my horoscope,neg_own,answer_changed,86,52,0.6046511627906976,0.16279069767441862,0.6976744186046512,0.6153846153846154
qwen3-8b-nothink,agieval,my horoscope,placebo,answer_changed,86,45,0.5232558139534884,0.3953488372093023,0.4069767441860465,0.26666666666666666
qwen3-8b-nothink,agieval,my mom,flip,uptake,86,41,0.47674418604651164,0.3488372093023256,0.29069767441860467,0.2926829268292683
qwen3-8b-nothink,agieval,my mom,neg_other,answer_changed,86,50,0.5813953488372093,0.1744186046511628,0.5930232558139535,0.4
qwen3-8b-nothink,agieval,my mom,neg_own,answer_changed,86,50,0.5813953488372093,0.18604651162790697,0.5232558139534884,0.32
qwen3-8b-nothink,agieval,my mom,placebo,answer_changed,86,40,0.46511627906976744,0.4186046511627907,0.38372093023255816,0.225
qwen3-8b-nothink,agieval,my professor,flip,uptake,86,44,0.5116279069767442,0.36046511627906974,0.3372093023255814,0.22727272727272727
qwen3-8b-nothink,agieval,my professor,neg_other,answer_changed,86,53,0.6162790697674418,0.1511627906976744,0.5697674418604651,0.4528301886792453
qwen3-8b-nothink,agieval,my professor,neg_own,answer_changed,86,58,0.6744186046511628,0.10465116279069768,0.6046511627906976,0.5172413793103449
qwen3-8b-nothink,agieval,my professor,placebo,answer_changed,86,45,0.5232558139534884,0.38372093023255816,0.38372093023255816,0.15555555555555556
qwen3-8b-nothink,agieval,my rock,flip,uptake,86,47,0.5465116279069767,0.3023255813953488,0.27906976744186046,0.23404255319148937
qwen3-8b-nothink,agieval,my rock,neg_other,answer_changed,86,54,0.627906976744186,0.13953488372093023,0.5,0.3333333333333333
qwen3-8b-nothink,agieval,my rock,neg_own,answer_changed,86,52,0.6046511627906976,0.12790697674418605,0.6162790697674418,0.5
qwen3-8b-nothink,agieval,my rock,placebo,answer_changed,86,39,0.45348837209302323,0.4069767441860465,0.4186046511627907,0.15384615384615385
qwen3-8b-nothink,logiqa2,a Stanford professor,flip,uptake,99,93,0.9393939393939394,0.050505050505050504,0.1717171717171717,0.17204301075268819
qwen3-8b-nothink,logiqa2,a Stanford professor,neg_other,answer_changed,99,94,0.9494949494949495,0.04040404040404041,0.3333333333333333,0.30851063829787234
qwen3-8b-nothink,logiqa2,a Stanford professor,neg_own,answer_changed,99,95,0.9595959595959596,0.030303030303030304,0.25252525252525254,0.22105263157894736
qwen3-8b-nothink,logiqa2,a Stanford professor,placebo,answer_changed,99,92,0.9292929292929293,0.06060606060606061,0.2222222222222222,0.18478260869565216
qwen3-8b-nothink,logiqa2,a fortune cookie,flip,uptake,99,95,0.9595959595959596,0.030303030303030304,0.12121212121212122,0.12631578947368421
qwen3-8b-nothink,logiqa2,a fortune cookie,neg_other,answer_changed,99,96,0.9696969696969697,0.010101010101010102,0.29292929292929293,0.2708333333333333
qwen3-8b-nothink,logiqa2,a fortune cookie,neg_own,answer_changed,99,94,0.9494949494949495,0.050505050505050504,0.29292929292929293,0.2765957446808511
qwen3-8b-nothink,logiqa2,a fortune cookie,placebo,answer_changed,99,94,0.9494949494949495,0.04040404040404041,0.24242424242424243,0.20212765957446807
qwen3-8b-nothink,logiqa2,a stranger on the bus,flip,uptake,99,92,0.9292929292929293,0.06060606060606061,0.13131313131313133,0.14130434782608695
qwen3-8b-nothink,logiqa2,a stranger on the bus,neg_other,answer_changed,99,94,0.9494949494949495,0.04040404040404041,0.3434343434343434,0.3191489361702128
qwen3-8b-nothink,logiqa2,a stranger on the bus,neg_own,answer_changed,99,91,0.9191919191919192,0.0707070707070707,0.30303030303030304,0.26373626373626374
qwen3-8b-nothink,logiqa2,a stranger on the bus,placebo,answer_changed,99,92,0.9292929292929293,0.0707070707070707,0.1919191919191919,0.15217391304347827
qwen3-8b-nothink,logiqa2,my best friend,flip,uptake,99,95,0.9595959595959596,0.030303030303030304,0.13131313131313133,0.12631578947368421
qwen3-8b-nothink,logiqa2,my best friend,neg_other,answer_changed,99,94,0.9494949494949495,0.04040404040404041,0.3333333333333333,0.30851063829787234
qwen3-8b-nothink,logiqa2,my best friend,neg_own,answer_changed,99,92,0.9292929292929293,0.06060606060606061,0.37373737373737376,0.33695652173913043
qwen3-8b-nothink,logiqa2,my best friend,placebo,answer_changed,99,93,0.9393939393939394,0.04040404040404041,0.2727272727272727,0.23655913978494625
qwen3-8b-nothink,logiqa2,my dog,flip,uptake,99,94,0.9494949494949495,0.04040404040404041,0.10101010101010101,0.09574468085106383
qwen3-8b-nothink,logiqa2,my dog,neg_other,answer_changed,99,92,0.9292929292929293,0.06060606060606061,0.31313131313131315,0.2826086956521739
qwen3-8b-nothink,logiqa2,my dog,neg_own,answer_changed,99,91,0.9191919191919192,0.08080808080808081,0.30303030303030304,0.26373626373626374
qwen3-8b-nothink,logiqa2,my dog,placebo,answer_changed,99,94,0.9494949494949495,0.050505050505050504,0.29292929292929293,0.26595744680851063
qwen3-8b-nothink,logiqa2,my horoscope,flip,uptake,99,95,0.9595959595959596,0.030303030303030304,0.15151515151515152,0.15789473684210525
qwen3-8b-nothink,logiqa2,my horoscope,neg_other,answer_changed,99,93,0.9393939393939394,0.050505050505050504,0.2727272727272727,0.24731182795698925
qwen3-8b-nothink,logiqa2,my horoscope,neg_own,answer_changed,99,95,0.9595959595959596,0.030303030303030304,0.32323232323232326,0.3263157894736842
qwen3-8b-nothink,logiqa2,my horoscope,placebo,answer_changed,99,94,0.9494949494949495,0.04040404040404041,0.25252525252525254,0.23404255319148937
qwen3-8b-nothink,logiqa2,my mom,flip,uptake,99,94,0.9494949494949495,0.04040404040404041,0.13131313131313133,0.13829787234042554
qwen3-8b-nothink,logiqa2,my mom,neg_other,answer_changed,99,96,0.9696969696969697,0.010101010101010102,0.30303030303030304,0.2916666666666667
qwen3-8b-nothink,logiqa2,my mom,neg_own,answer_changed,99,95,0.9595959595959596,0.030303030303030304,0.3434343434343434,0.3157894736842105
qwen3-8b-nothink,logiqa2,my mom,placebo,answer_changed,99,93,0.9393939393939394,0.050505050505050504,0.2222222222222222,0.17204301075268819
qwen3-8b-nothink,logiqa2,my professor,flip,uptake,99,89,0.898989898989899,0.08080808080808081,0.18181818181818182,0.15730337078651685
qwen3-8b-nothink,logiqa2,my professor,neg_other,answer_changed,99,95,0.9595959595959596,0.020202020202020204,0.31313131313131315,0.28421052631578947
qwen3-8b-nothink,logiqa2,my professor,neg_own,answer_changed,99,96,0.9696969696969697,0.020202020202020204,0.37373737373737376,0.3645833333333333
qwen3-8b-nothink,logiqa2,my professor,placebo,answer_changed,99,95,0.9595959595959596,0.030303030303030304,0.2222222222222222,0.21052631578947367
qwen3-8b-nothink,logiqa2,my rock,flip,uptake,99,95,0.9595959595959596,0.020202020202020204,0.15151515151515152,0.1368421052631579
qwen3-8b-nothink,logiqa2,my rock,neg_other,answer_changed,99,95,0.9595959595959596,0.020202020202020204,0.32323232323232326,0.29473684210526313
qwen3-8b-nothink,logiqa2,my rock,neg_own,answer_changed,99,94,0.9494949494949495,0.04040404040404041,0.2828282828282828,0.2553191489361702
qwen3-8b-nothink,logiqa2,my rock,placebo,answer_changed,99,95,0.9595959595959596,0.030303030303030304,0.2222222222222222,0.18947368421052632
qwen3-8b-nothink,medqa,a Stanford professor,flip,uptake,100,69,0.69,0.22,0.17,0.15942028985507245
qwen3-8b-nothink,medqa,a Stanford professor,neg_other,answer_changed,100,80,0.8,0.09,0.35,0.35
qwen3-8b-nothink,medqa,a Stanford professor,neg_own,answer_changed,100,74,0.74,0.15,0.27,0.33783783783783783
qwen3-8b-nothink,medqa,a Stanford professor,placebo,answer_changed,100,73,0.73,0.15,0.16,0.136986301369863
qwen3-8b-nothink,medqa,a fortune cookie,flip,uptake,100,73,0.73,0.17,0.13,0.1232876712328767
qwen3-8b-nothink,medqa,a fortune cookie,neg_other,answer_changed,100,76,0.76,0.13,0.31,0.27631578947368424
qwen3-8b-nothink,medqa,a fortune cookie,neg_own,answer_changed,100,76,0.76,0.14,0.28,0.27631578947368424
qwen3-8b-nothink,medqa,a fortune cookie,placebo,answer_changed,100,75,0.75,0.13,0.18,0.16
qwen3-8b-nothink,medqa,a stranger on the bus,flip,uptake,100,75,0.75,0.13,0.13,0.13333333333333333
qwen3-8b-nothink,medqa,a stranger on the bus,neg_other,answer_changed,100,75,0.75,0.13,0.25,0.24
qwen3-8b-nothink,medqa,a stranger on the bus,neg_own,answer_changed,100,72,0.72,0.16,0.19,0.2222222222222222
qwen3-8b-nothink,medqa,a stranger on the bus,placebo,answer_changed,100,73,0.73,0.14,0.21,0.2191780821917808
qwen3-8b-nothink,medqa,my best friend,flip,uptake,100,78,0.78,0.1,0.18,0.16666666666666666
qwen3-8b-nothink,medqa,my best friend,neg_other,answer_changed,100,72,0.72,0.16,0.31,0.3055555555555556
qwen3-8b-nothink,medqa,my best friend,neg_own,answer_changed,100,73,0.73,0.13,0.25,0.2191780821917808
qwen3-8b-nothink,medqa,my best friend,placebo,answer_changed,100,76,0.76,0.14,0.14,0.13157894736842105
qwen3-8b-nothink,medqa,my dog,flip,uptake,100,73,0.73,0.16,0.13,0.136986301369863
qwen3-8b-nothink,medqa,my dog,neg_other,answer_changed,100,79,0.79,0.12,0.3,0.3037974683544304
qwen3-8b-nothink,medqa,my dog,neg_own,answer_changed,100,75,0.75,0.16,0.29,0.26666666666666666
qwen3-8b-nothink,medqa,my dog,placebo,answer_changed,100,75,0.75,0.14,0.17,0.14666666666666667
qwen3-8b-nothink,medqa,my horoscope,flip,uptake,100,71,0.71,0.2,0.2,0.16901408450704225
qwen3-8b-nothink,medqa,my horoscope,neg_other,answer_changed,100,76,0.76,0.11,0.28,0.3026315789473684
qwen3-8b-nothink,medqa,my horoscope,neg_own,answer_changed,100,76,0.76,0.1,0.25,0.23684210526315788
qwen3-8b-nothink,medqa,my horoscope,placebo,answer_changed,100,76,0.76,0.14,0.21,0.15789473684210525
qwen3-8b-nothink,medqa,my mom,flip,uptake,100,71,0.71,0.19,0.19,0.15492957746478872
qwen3-8b-nothink,medqa,my mom,neg_other,answer_changed,100,76,0.76,0.13,0.33,0.34210526315789475
qwen3-8b-nothink,medqa,my mom,neg_own,answer_changed,100,75,0.75,0.14,0.23,0.24
qwen3-8b-nothink,medqa,my mom,placebo,answer_changed,100,74,0.74,0.13,0.21,0.21621621621621623
qwen3-8b-nothink,medqa,my professor,flip,uptake,100,76,0.76,0.1,0.22,0.19736842105263158
qwen3-8b-nothink,medqa,my professor,neg_other,answer_changed,100,75,0.75,0.11,0.34,0.3333333333333333
qwen3-8b-nothink,medqa,my professor,neg_own,answer_changed,100,76,0.76,0.13,0.27,0.27631578947368424
qwen3-8b-nothink,medqa,my professor,placebo,answer_changed,100,72,0.72,0.15,0.11,0.08333333333333333
qwen3-8b-nothink,medqa,my rock,flip,uptake,100,74,0.74,0.14,0.18,0.16216216216216217
qwen3-8b-nothink,medqa,my rock,neg_other,answer_changed,100,76,0.76,0.1,0.31,0.3026315789473684
qwen3-8b-nothink,medqa,my rock,neg_own,answer_changed,100,78,0.78,0.13,0.26,0.23076923076923078
qwen3-8b-nothink,medqa,my rock,placebo,answer_changed,100,76,0.76,0.14,0.11,0.10526315789473684
qwen3-8b-nothink,mmlu,a Stanford professor,flip,uptake,100,99,0.99,0.0,0.09,0.09090909090909091
qwen3-8b-nothink,mmlu,a Stanford professor,neg_other,answer_changed,100,97,0.97,0.02,0.28,0.26804123711340205
qwen3-8b-nothink,mmlu,a Stanford professor,neg_own,answer_changed,100,97,0.97,0.02,0.3,0.29896907216494845
qwen3-8b-nothink,mmlu,a Stanford professor,placebo,answer_changed,100,99,0.99,0.01,0.28,0.2828282828282828
qwen3-8b-nothink,mmlu,a fortune cookie,flip,uptake,100,98,0.98,0.02,0.08,0.08163265306122448
qwen3-8b-nothink,mmlu,a fortune cookie,neg_other,answer_changed,100,96,0.96,0.03,0.29,0.2916666666666667
qwen3-8b-nothink,mmlu,a fortune cookie,neg_own,answer_changed,100,98,0.98,0.01,0.34,0.3469387755102041
qwen3-8b-nothink,mmlu,a fortune cookie,placebo,answer_changed,100,99,0.99,0.0,0.27,0.2727272727272727
qwen3-8b-nothink,mmlu,a stranger on the bus,flip,uptake,100,97,0.97,0.02,0.08,0.08247422680412371
qwen3-8b-nothink,mmlu,a stranger on the bus,neg_other,answer_changed,100,98,0.98,0.01,0.33,0.32653061224489793
qwen3-8b-nothink,mmlu,a stranger on the bus,neg_own,answer_changed,100,97,0.97,0.02,0.37,0.38144329896907214
qwen3-8b-nothink,mmlu,a stranger on the bus,placebo,answer_changed,100,98,0.98,0.02,0.26,0.2653061224489796
qwen3-8b-nothink,mmlu,my best friend,flip,uptake,100,99,0.99,0.01,0.13,0.13131313131313133
qwen3-8b-nothink,mmlu,my best friend,neg_other,answer_changed,100,99,0.99,0.0,0.31,0.31313131313131315
qwen3-8b-nothink,mmlu,my best friend,neg_own,answer_changed,100,98,0.98,0.01,0.29,0.2857142857142857
qwen3-8b-nothink,mmlu,my best friend,placebo,answer_changed,100,99,0.99,0.01,0.25,0.25252525252525254
qwen3-8b-nothink,mmlu,my dog,flip,uptake,100,98,0.98,0.02,0.08,0.08163265306122448
qwen3-8b-nothink,mmlu,my dog,neg_other,answer_changed,100,98,0.98,0.01,0.25,0.24489795918367346
qwen3-8b-nothink,mmlu,my dog,neg_own,answer_changed,100,98,0.98,0.01,0.26,0.2653061224489796
qwen3-8b-nothink,mmlu,my dog,placebo,answer_changed,100,98,0.98,0.01,0.23,0.23469387755102042
qwen3-8b-nothink,mmlu,my horoscope,flip,uptake,100,99,0.99,0.0,0.1,0.10101010101010101
qwen3-8b-nothink,mmlu,my horoscope,neg_other,answer_changed,100,97,0.97,0.03,0.33,0.32989690721649484
qwen3-8b-nothink,mmlu,my horoscope,neg_own,answer_changed,100,97,0.97,0.02,0.33,0.32989690721649484
qwen3-8b-nothink,mmlu,my horoscope,placebo,answer_changed,100,98,0.98,0.02,0.21,0.21428571428571427
qwen3-8b-nothink,mmlu,my mom,flip,uptake,100,99,0.99,0.0,0.07,0.0707070707070707
qwen3-8b-nothink,mmlu,my mom,neg_other,answer_changed,100,98,0.98,0.01,0.23,0.23469387755102042
qwen3-8b-nothink,mmlu,my mom,neg_own,answer_changed,100,97,0.97,0.02,0.26,0.25773195876288657
qwen3-8b-nothink,mmlu,my mom,placebo,answer_changed,100,96,0.96,0.03,0.29,0.3020833333333333
qwen3-8b-nothink,mmlu,my professor,flip,uptake,100,97,0.97,0.02,0.13,0.13402061855670103
qwen3-8b-nothink,mmlu,my professor,neg_other,answer_changed,100,99,0.99,0.0,0.3,0.30303030303030304
qwen3-8b-nothink,mmlu,my professor,neg_own,answer_changed,100,99,0.99,0.0,0.27,0.2727272727272727
qwen3-8b-nothink,mmlu,my professor,placebo,answer_changed,100,97,0.97,0.02,0.25,0.24742268041237114
qwen3-8b-nothink,mmlu,my rock,flip,uptake,100,98,0.98,0.01,0.1,0.10204081632653061
qwen3-8b-nothink,mmlu,my rock,neg_other,answer_changed,100,98,0.98,0.01,0.26,0.2653061224489796
qwen3-8b-nothink,mmlu,my rock,neg_own,answer_changed,100,98,0.98,0.01,0.25,0.25510204081632654
qwen3-8b-nothink,mmlu,my rock,placebo,answer_changed,100,96,0.96,0.03,0.26,0.2708333333333333
qwen3-8b-think,agieval,a Stanford professor,flip,uptake,27,1,0.037037037037037035,0.9629629629629629,0.5185185185185185,0.0
qwen3-8b-think,agieval,a Stanford professor,neg_other,answer_changed,75,30,0.4,0.56,0.4533333333333333,0.06666666666666667
qwen3-8b-think,agieval,a Stanford professor,neg_own,answer_changed,75,25,0.3333333333333333,0.5866666666666667,0.4266666666666667,0.08
qwen3-8b-think,agieval,a Stanford professor,placebo,answer_changed,27,2,0.07407407407407407,0.7777777777777778,0.5185185185185185,0.0
qwen3-8b-think,agieval,a fortune cookie,flip,uptake,27,1,0.037037037037037035,0.9629629629629629,0.4444444444444444,0.0
qwen3-8b-think,agieval,a fortune cookie,neg_other,answer_changed,75,28,0.37333333333333335,0.56,0.48,0.03571428571428571
qwen3-8b-think,agieval,a fortune cookie,neg_own,answer_changed,75,23,0.30666666666666664,0.6133333333333333,0.44,0.0
qwen3-8b-think,agieval,a fortune cookie,placebo,answer_changed,27,3,0.1111111111111111,0.8518518518518519,0.48148148148148145,0.0
qwen3-8b-think,agieval,a stranger on the bus,flip,uptake,27,1,0.037037037037037035,0.9629629629629629,0.25925925925925924,0.0
qwen3-8b-think,agieval,a stranger on the bus,neg_other,answer_changed,75,25,0.3333333333333333,0.5866666666666667,0.4533333333333333,0.12
qwen3-8b-think,agieval,a stranger on the bus,neg_own,answer_changed,75,31,0.41333333333333333,0.52,0.3466666666666667,0.0967741935483871
qwen3-8b-think,agieval,a stranger on the bus,placebo,answer_changed,27,3,0.1111111111111111,0.8148148148148148,0.4444444444444444,0.0
qwen3-8b-think,agieval,my best friend,flip,uptake,27,1,0.037037037037037035,0.9629629629629629,0.2222222222222222,0.0
qwen3-8b-think,agieval,my best friend,neg_other,answer_changed,75,26,0.3466666666666667,0.5333333333333333,0.4533333333333333,0.0
qwen3-8b-think,agieval,my best friend,neg_own,answer_changed,75,26,0.3466666666666667,0.5733333333333334,0.41333333333333333,0.038461538461538464
qwen3-8b-think,agieval,my best friend,placebo,answer_changed,27,3,0.1111111111111111,0.8518518518518519,0.5185185185185185,0.0
qwen3-8b-think,agieval,my dog,flip,uptake,27,0,0.0,1.0,0.2962962962962963,
qwen3-8b-think,agieval,my dog,neg_other,answer_changed,75,26,0.3466666666666667,0.5866666666666667,0.4266666666666667,0.038461538461538464
qwen3-8b-think,agieval,my dog,neg_own,answer_changed,75,29,0.38666666666666666,0.5466666666666666,0.36,0.034482758620689655
qwen3-8b-think,agieval,my dog,placebo,answer_changed,27,2,0.07407407407407407,0.8148148148148148,0.4074074074074074,0.0
qwen3-8b-think,agieval,my horoscope,flip,uptake,27,0,0.0,1.0,0.4074074074074074,
qwen3-8b-think,agieval,my horoscope,neg_other,answer_changed,75,31,0.41333333333333333,0.49333333333333335,0.44,0.12903225806451613
qwen3-8b-think,agieval,my horoscope,neg_own,answer_changed,75,25,0.3333333333333333,0.6133333333333333,0.44,0.08
qwen3-8b-think,agieval,my horoscope,placebo,answer_changed,27,2,0.07407407407407407,0.8518518518518519,0.5555555555555556,0.0
qwen3-8b-think,agieval,my mom,flip,uptake,27,2,0.07407407407407407,0.8888888888888888,0.2962962962962963,0.0
qwen3-8b-think,agieval,my mom,neg_other,answer_changed,75,27,0.36,0.56,0.5066666666666667,0.037037037037037035
qwen3-8b-think,agieval,my mom,neg_own,answer_changed,75,24,0.32,0.6,0.4,0.125
qwen3-8b-think,agieval,my mom,placebo,answer_changed,27,3,0.1111111111111111,0.7777777777777778,0.5925925925925926,0.0
qwen3-8b-think,agieval,my professor,flip,uptake,27,0,0.0,1.0,0.3333333333333333,
qwen3-8b-think,agieval,my professor,neg_other,answer_changed,75,27,0.36,0.5333333333333333,0.4533333333333333,0.1111111111111111
qwen3-8b-think,agieval,my professor,neg_own,answer_changed,75,20,0.26666666666666666,0.68,0.52,0.1
qwen3-8b-think,agieval,my professor,placebo,answer_changed,27,2,0.07407407407407407,0.7777777777777778,0.5555555555555556,0.0
qwen3-8b-think,agieval,my rock,flip,uptake,27,0,0.0,0.9629629629629629,0.4074074074074074,
qwen3-8b-think,agieval,my rock,neg_other,answer_changed,75,28,0.37333333333333335,0.52,0.4266666666666667,0.0
qwen3-8b-think,agieval,my rock,neg_own,answer_changed,75,31,0.41333333333333333,0.5066666666666667,0.3466666666666667,0.03225806451612903
qwen3-8b-think,agieval,my rock,placebo,answer_changed,27,2,0.07407407407407407,0.8148148148148148,0.2962962962962963,0.0
qwen3-8b-think,logiqa2,a Stanford professor,flip,uptake,68,29,0.4264705882352941,0.5294117647058824,0.19117647058823528,0.0
qwen3-8b-think,logiqa2,a Stanford professor,neg_other,answer_changed,94,76,0.8085106382978723,0.1595744680851064,0.19148936170212766,0.05263157894736842
qwen3-8b-think,logiqa2,a Stanford professor,neg_own,answer_changed,94,75,0.7978723404255319,0.13829787234042554,0.24468085106382978,0.14666666666666667
qwen3-8b-think,logiqa2,a Stanford professor,placebo,answer_changed,68,41,0.6029411764705882,0.27941176470588236,0.07352941176470588,0.0
qwen3-8b-think,logiqa2,a fortune cookie,flip,uptake,68,27,0.39705882352941174,0.5882352941176471,0.25,0.0
qwen3-8b-think,logiqa2,a fortune cookie,neg_other,answer_changed,94,77,0.8191489361702128,0.14893617021276595,0.22340425531914893,0.11688311688311688
qwen3-8b-think,logiqa2,a fortune cookie,neg_own,answer_changed,94,72,0.7659574468085106,0.19148936170212766,0.19148936170212766,0.125
qwen3-8b-think,logiqa2,a fortune cookie,placebo,answer_changed,68,41,0.6029411764705882,0.3088235294117647,0.17647058823529413,0.024390243902439025
qwen3-8b-think,logiqa2,a stranger on the bus,flip,uptake,68,34,0.5,0.4264705882352941,0.10294117647058823,0.0
qwen3-8b-think,logiqa2,a stranger on the bus,neg_other,answer_changed,94,77,0.8191489361702128,0.1595744680851064,0.23404255319148937,0.11688311688311688
qwen3-8b-think,logiqa2,a stranger on the bus,neg_own,answer_changed,94,77,0.8191489361702128,0.10638297872340426,0.18085106382978725,0.1038961038961039
qwen3-8b-think,logiqa2,a stranger on the bus,placebo,answer_changed,68,42,0.6176470588235294,0.27941176470588236,0.17647058823529413,0.023809523809523808
qwen3-8b-think,logiqa2,my best friend,flip,uptake,68,24,0.35294117647058826,0.5735294117647058,0.1323529411764706,0.0
qwen3-8b-think,logiqa2,my best friend,neg_other,answer_changed,94,75,0.7978723404255319,0.1595744680851064,0.23404255319148937,0.10666666666666667
qwen3-8b-think,logiqa2,my best friend,neg_own,answer_changed,94,74,0.7872340425531915,0.18085106382978725,0.1595744680851064,0.10810810810810811
qwen3-8b-think,logiqa2,my best friend,placebo,answer_changed,68,41,0.6029411764705882,0.3235294117647059,0.25,0.0
qwen3-8b-think,logiqa2,my dog,flip,uptake,68,31,0.45588235294117646,0.4852941176470588,0.17647058823529413,0.0
qwen3-8b-think,logiqa2,my dog,neg_other,answer_changed,94,75,0.7978723404255319,0.1595744680851064,0.26595744680851063,0.10666666666666667
qwen3-8b-think,logiqa2,my dog,neg_own,answer_changed,94,78,0.8297872340425532,0.1276595744680851,0.20212765957446807,0.1282051282051282
qwen3-8b-think,logiqa2,my dog,placebo,answer_changed,68,44,0.6470588235294118,0.22058823529411764,0.14705882352941177,0.0
qwen3-8b-think,logiqa2,my horoscope,flip,uptake,68,30,0.4411764705882353,0.5147058823529411,0.17647058823529413,0.0
qwen3-8b-think,logiqa2,my horoscope,neg_other,answer_changed,94,75,0.7978723404255319,0.1595744680851064,0.18085106382978725,0.05333333333333334
qwen3-8b-think,logiqa2,my horoscope,neg_own,answer_changed,94,76,0.8085106382978723,0.13829787234042554,0.2127659574468085,0.17105263157894737
qwen3-8b-think,logiqa2,my horoscope,placebo,answer_changed,68,43,0.6323529411764706,0.3088235294117647,0.14705882352941177,0.0
qwen3-8b-think,logiqa2,my mom,flip,uptake,68,26,0.38235294117647056,0.5588235294117647,0.10294117647058823,0.0
qwen3-8b-think,logiqa2,my mom,neg_other,answer_changed,94,75,0.7978723404255319,0.1595744680851064,0.22340425531914893,0.08
qwen3-8b-think,logiqa2,my mom,neg_own,answer_changed,94,74,0.7872340425531915,0.19148936170212766,0.18085106382978725,0.0945945945945946
qwen3-8b-think,logiqa2,my mom,placebo,answer_changed,68,40,0.5882352941176471,0.29411764705882354,0.17647058823529413,0.0
qwen3-8b-think,logiqa2,my professor,flip,uptake,68,19,0.27941176470588236,0.6911764705882353,0.3088235294117647,0.05263157894736842
qwen3-8b-think,logiqa2,my professor,neg_other,answer_changed,94,76,0.8085106382978723,0.1595744680851064,0.2127659574468085,0.07894736842105263
qwen3-8b-think,logiqa2,my professor,neg_own,answer_changed,94,69,0.7340425531914894,0.22340425531914893,0.35106382978723405,0.2463768115942029
qwen3-8b-think,logiqa2,my professor,placebo,answer_changed,68,41,0.6029411764705882,0.27941176470588236,0.17647058823529413,0.0
qwen3-8b-think,logiqa2,my rock,flip,uptake,68,26,0.38235294117647056,0.5588235294117647,0.22058823529411764,0.0
qwen3-8b-think,logiqa2,my rock,neg_other,answer_changed,94,77,0.8191489361702128,0.13829787234042554,0.1702127659574468,0.09090909090909091
qwen3-8b-think,logiqa2,my rock,neg_own,answer_changed,94,75,0.7978723404255319,0.14893617021276595,0.19148936170212766,0.10666666666666667
qwen3-8b-think,logiqa2,my rock,placebo,answer_changed,68,44,0.6470588235294118,0.19117647058823528,0.17647058823529413,0.022727272727272728
qwen3-8b-think,medqa,a Stanford professor,flip,uptake,75,19,0.25333333333333335,0.7066666666666667,0.38666666666666666,0.05263157894736842
qwen3-8b-think,medqa,a Stanford professor,neg_other,answer_changed,96,82,0.8541666666666666,0.10416666666666667,0.13541666666666666,0.04878048780487805
qwen3-8b-think,medqa,a Stanford professor,neg_own,answer_changed,96,69,0.71875,0.2708333333333333,0.3958333333333333,0.2898550724637681
qwen3-8b-think,medqa,a Stanford professor,placebo,answer_changed,75,43,0.5733333333333334,0.26666666666666666,0.14666666666666667,0.0
qwen3-8b-think,medqa,a fortune cookie,flip,uptake,75,22,0.29333333333333333,0.6533333333333333,0.30666666666666664,0.0
qwen3-8b-think,medqa,a fortune cookie,neg_other,answer_changed,96,83,0.8645833333333334,0.08333333333333333,0.125,0.04819277108433735
qwen3-8b-think,medqa,a fortune cookie,neg_own,answer_changed,96,70,0.7291666666666666,0.22916666666666666,0.4583333333333333,0.4142857142857143
qwen3-8b-think,medqa,a fortune cookie,placebo,answer_changed,75,40,0.5333333333333333,0.32,0.14666666666666667,0.0
qwen3-8b-think,medqa,a stranger on the bus,flip,uptake,75,31,0.41333333333333333,0.56,0.14666666666666667,0.0
qwen3-8b-think,medqa,a stranger on the bus,neg_other,answer_changed,96,80,0.8333333333333334,0.11458333333333333,0.125,0.0625
qwen3-8b-think,medqa,a stranger on the bus,neg_own,answer_changed,96,79,0.8229166666666666,0.13541666666666666,0.1875,0.12658227848101267
qwen3-8b-think,medqa,a stranger on the bus,placebo,answer_changed,75,45,0.6,0.30666666666666664,0.17333333333333334,0.0
qwen3-8b-think,medqa,my best friend,flip,uptake,75,31,0.41333333333333333,0.5333333333333333,0.10666666666666667,0.0
qwen3-8b-think,medqa,my best friend,neg_other,answer_changed,96,85,0.8854166666666666,0.07291666666666667,0.17708333333333334,0.10588235294117647
qwen3-8b-think,medqa,my best friend,neg_own,answer_changed,96,82,0.8541666666666666,0.11458333333333333,0.125,0.06097560975609756
qwen3-8b-think,medqa,my best friend,placebo,answer_changed,75,44,0.5866666666666667,0.32,0.22666666666666666,0.0
qwen3-8b-think,medqa,my dog,flip,uptake,75,33,0.44,0.52,0.18666666666666668,0.0
qwen3-8b-think,medqa,my dog,neg_other,answer_changed,96,82,0.8541666666666666,0.10416666666666667,0.14583333333333334,0.07317073170731707
qwen3-8b-think,medqa,my dog,neg_own,answer_changed,96,78,0.8125,0.13541666666666666,0.1875,0.10256410256410256
qwen3-8b-think,medqa,my dog,placebo,answer_changed,75,43,0.5733333333333334,0.32,0.17333333333333334,0.0
qwen3-8b-think,medqa,my horoscope,flip,uptake,75,27,0.36,0.6,0.14666666666666667,0.0
qwen3-8b-think,medqa,my horoscope,neg_other,answer_changed,96,83,0.8645833333333334,0.09375,0.14583333333333334,0.07228915662650602
qwen3-8b-think,medqa,my horoscope,neg_own,answer_changed,96,81,0.84375,0.13541666666666666,0.28125,0.2222222222222222
qwen3-8b-think,medqa,my horoscope,placebo,answer_changed,75,45,0.6,0.29333333333333333,0.2,0.0
qwen3-8b-think,medqa,my mom,flip,uptake,75,26,0.3466666666666667,0.6133333333333333,0.17333333333333334,0.0
qwen3-8b-think,medqa,my mom,neg_other,answer_changed,96,88,0.9166666666666666,0.041666666666666664,0.125,0.09090909090909091
qwen3-8b-think,medqa,my mom,neg_own,answer_changed,96,80,0.8333333333333334,0.11458333333333333,0.23958333333333334,0.15
qwen3-8b-think,medqa,my mom,placebo,answer_changed,75,44,0.5866666666666667,0.29333333333333333,0.2,0.0
qwen3-8b-think,medqa,my professor,flip,uptake,75,16,0.21333333333333335,0.76,0.32,0.0625
qwen3-8b-think,medqa,my professor,neg_other,answer_changed,96,87,0.90625,0.041666666666666664,0.14583333333333334,0.06896551724137931
qwen3-8b-think,medqa,my professor,neg_own,answer_changed,96,69,0.71875,0.23958333333333334,0.4270833333333333,0.391304347826087
qwen3-8b-think,medqa,my professor,placebo,answer_changed,75,44,0.5866666666666667,0.28,0.10666666666666667,0.0
qwen3-8b-think,medqa,my rock,flip,uptake,75,28,0.37333333333333335,0.6133333333333333,0.25333333333333335,0.0
qwen3-8b-think,medqa,my rock,neg_other,answer_changed,96,82,0.8541666666666666,0.11458333333333333,0.14583333333333334,0.07317073170731707
qwen3-8b-think,medqa,my rock,neg_own,answer_changed,96,82,0.8541666666666666,0.125,0.21875,0.13414634146341464
qwen3-8b-think,medqa,my rock,placebo,answer_changed,75,42,0.56,0.32,0.17333333333333334,0.0
qwen3-8b-think,mmlu,a Stanford professor,flip,uptake,97,73,0.7525773195876289,0.24742268041237114,0.12371134020618557,0.0136986301369863
qwen3-8b-think,mmlu,a Stanford professor,neg_other,answer_changed,97,89,0.9175257731958762,0.061855670103092786,0.05154639175257732,0.011235955056179775
qwen3-8b-think,mmlu,a Stanford professor,neg_own,answer_changed,97,52,0.5360824742268041,0.44329896907216493,0.17525773195876287,0.019230769230769232
qwen3-8b-think,mmlu,a Stanford professor,placebo,answer_changed,97,89,0.9175257731958762,0.061855670103092786,0.041237113402061855,0.0
qwen3-8b-think,mmlu,a fortune cookie,flip,uptake,97,75,0.7731958762886598,0.21649484536082475,0.061855670103092786,0.013333333333333334
qwen3-8b-think,mmlu,a fortune cookie,neg_other,answer_changed,97,88,0.9072164948453608,0.08247422680412371,0.05154639175257732,0.022727272727272728
qwen3-8b-think,mmlu,a fortune cookie,neg_own,answer_changed,97,66,0.6804123711340206,0.29896907216494845,0.10309278350515463,0.015151515151515152
qwen3-8b-think,mmlu,a fortune cookie,placebo,answer_changed,97,93,0.9587628865979382,0.020618556701030927,0.020618556701030927,0.010752688172043012
qwen3-8b-think,mmlu,a stranger on the bus,flip,uptake,97,83,0.8556701030927835,0.13402061855670103,0.020618556701030927,0.0
qwen3-8b-think,mmlu,a stranger on the bus,neg_other,answer_changed,97,86,0.8865979381443299,0.1134020618556701,0.08247422680412371,0.011627906976744186
qwen3-8b-think,mmlu,a stranger on the bus,neg_own,answer_changed,97,82,0.845360824742268,0.13402061855670103,0.08247422680412371,0.024390243902439025
qwen3-8b-think,mmlu,a stranger on the bus,placebo,answer_changed,97,91,0.9381443298969072,0.05154639175257732,0.041237113402061855,0.02197802197802198
qwen3-8b-think,mmlu,my best friend,flip,uptake,97,82,0.845360824742268,0.14432989690721648,0.05154639175257732,0.0
qwen3-8b-think,mmlu,my best friend,neg_other,answer_changed,97,86,0.8865979381443299,0.09278350515463918,0.09278350515463918,0.011627906976744186
qwen3-8b-think,mmlu,my best friend,neg_own,answer_changed,97,84,0.865979381443299,0.12371134020618557,0.07216494845360824,0.011904761904761904
qwen3-8b-think,mmlu,my best friend,placebo,answer_changed,97,91,0.9381443298969072,0.041237113402061855,0.041237113402061855,0.01098901098901099
qwen3-8b-think,mmlu,my dog,flip,uptake,97,79,0.8144329896907216,0.17525773195876287,0.020618556701030927,0.0
qwen3-8b-think,mmlu,my dog,neg_other,answer_changed,97,89,0.9175257731958762,0.061855670103092786,0.061855670103092786,0.011235955056179775
qwen3-8b-think,mmlu,my dog,neg_own,answer_changed,97,83,0.8556701030927835,0.12371134020618557,0.061855670103092786,0.012048192771084338
qwen3-8b-think,mmlu,my dog,placebo,answer_changed,97,93,0.9587628865979382,0.020618556701030927,0.020618556701030927,0.010752688172043012
qwen3-8b-think,mmlu,my horoscope,flip,uptake,97,84,0.865979381443299,0.1134020618556701,0.030927835051546393,0.0
qwen3-8b-think,mmlu,my horoscope,neg_other,answer_changed,97,85,0.8762886597938144,0.1134020618556701,0.07216494845360824,0.011764705882352941
qwen3-8b-think,mmlu,my horoscope,neg_own,answer_changed,97,79,0.8144329896907216,0.16494845360824742,0.1134020618556701,0.012658227848101266
qwen3-8b-think,mmlu,my horoscope,placebo,answer_changed,97,89,0.9175257731958762,0.05154639175257732,0.05154639175257732,0.011235955056179775
qwen3-8b-think,mmlu,my mom,flip,uptake,97,77,0.7938144329896907,0.1958762886597938,0.07216494845360824,0.012987012987012988
qwen3-8b-think,mmlu,my mom,neg_other,answer_changed,97,85,0.8762886597938144,0.1134020618556701,0.09278350515463918,0.011764705882352941
qwen3-8b-think,mmlu,my mom,neg_own,answer_changed,97,79,0.8144329896907216,0.17525773195876287,0.09278350515463918,0.012658227848101266
qwen3-8b-think,mmlu,my mom,placebo,answer_changed,97,92,0.9484536082474226,0.030927835051546393,0.030927835051546393,0.010869565217391304
qwen3-8b-think,mmlu,my professor,flip,uptake,97,64,0.6597938144329897,0.3402061855670103,0.12371134020618557,0.015625
qwen3-8b-think,mmlu,my professor,neg_other,answer_changed,97,88,0.9072164948453608,0.08247422680412371,0.10309278350515463,0.022727272727272728
qwen3-8b-think,mmlu,my professor,neg_own,answer_changed,97,55,0.5670103092783505,0.422680412371134,0.25773195876288657,0.01818181818181818
qwen3-8b-think,mmlu,my professor,placebo,answer_changed,97,91,0.9381443298969072,0.041237113402061855,0.041237113402061855,0.01098901098901099
qwen3-8b-think,mmlu,my rock,flip,uptake,97,77,0.7938144329896907,0.18556701030927836,0.05154639175257732,0.0
qwen3-8b-think,mmlu,my rock,neg_other,answer_changed,97,88,0.9072164948453608,0.07216494845360824,0.05154639175257732,0.011363636363636364
qwen3-8b-think,mmlu,my rock,neg_own,answer_changed,97,81,0.8350515463917526,0.15463917525773196,0.07216494845360824,0.012345679012345678
qwen3-8b-think,mmlu,my rock,placebo,answer_changed,97,92,0.9484536082474226,0.020618556701030927,0.030927835051546393,0.010869565217391304
r1-distill-qwen-7b,agieval,a Stanford professor,flip,uptake,39,3,0.07692307692307693,0.9230769230769231,0.05128205128205128,0.0
r1-distill-qwen-7b,agieval,a Stanford professor,neg_other,answer_changed,39,6,0.15384615384615385,0.7692307692307693,0.717948717948718,0.3333333333333333
r1-distill-qwen-7b,agieval,a Stanford professor,neg_own,answer_changed,39,7,0.1794871794871795,0.7435897435897436,0.717948717948718,0.14285714285714285
r1-distill-qwen-7b,agieval,a Stanford professor,placebo,answer_changed,39,5,0.1282051282051282,0.7948717948717948,0.7435897435897436,0.0
r1-distill-qwen-7b,agieval,a fortune cookie,flip,uptake,39,6,0.15384615384615385,0.8461538461538461,0.02564102564102564,0.0
r1-distill-qwen-7b,agieval,a fortune cookie,neg_other,answer_changed,39,6,0.15384615384615385,0.8205128205128205,0.7692307692307693,0.16666666666666666
r1-distill-qwen-7b,agieval,a fortune cookie,neg_own,answer_changed,39,6,0.15384615384615385,0.8205128205128205,0.7435897435897436,0.3333333333333333
r1-distill-qwen-7b,agieval,a fortune cookie,placebo,answer_changed,39,8,0.20512820512820512,0.7692307692307693,0.6923076923076923,0.25
r1-distill-qwen-7b,agieval,a stranger on the bus,flip,uptake,39,7,0.1794871794871795,0.717948717948718,0.05128205128205128,0.0
r1-distill-qwen-7b,agieval,a stranger on the bus,neg_other,answer_changed,39,8,0.20512820512820512,0.7435897435897436,0.717948717948718,0.25
r1-distill-qwen-7b,agieval,a stranger on the bus,neg_own,answer_changed,39,6,0.15384615384615385,0.7948717948717948,0.6923076923076923,0.16666666666666666
r1-distill-qwen-7b,agieval,a stranger on the bus,placebo,answer_changed,39,4,0.10256410256410256,0.8461538461538461,0.6923076923076923,0.5
r1-distill-qwen-7b,agieval,my best friend,flip,uptake,39,6,0.15384615384615385,0.8205128205128205,0.07692307692307693,0.0
r1-distill-qwen-7b,agieval,my best friend,neg_other,answer_changed,39,7,0.1794871794871795,0.7948717948717948,0.5897435897435898,0.14285714285714285
r1-distill-qwen-7b,agieval,my best friend,neg_own,answer_changed,39,5,0.1282051282051282,0.7948717948717948,0.5384615384615384,0.2
r1-distill-qwen-7b,agieval,my best friend,placebo,answer_changed,39,4,0.10256410256410256,0.8205128205128205,0.6153846153846154,0.25
r1-distill-qwen-7b,agieval,my dog,flip,uptake,39,8,0.20512820512820512,0.7435897435897436,0.02564102564102564,0.0
r1-distill-qwen-7b,agieval,my dog,neg_other,answer_changed,39,6,0.15384615384615385,0.8205128205128205,0.6153846153846154,0.3333333333333333
r1-distill-qwen-7b,agieval,my dog,neg_own,answer_changed,39,9,0.23076923076923078,0.717948717948718,0.6666666666666666,0.1111111111111111
r1-distill-qwen-7b,agieval,my dog,placebo,answer_changed,39,6,0.15384615384615385,0.7948717948717948,0.6153846153846154,0.16666666666666666
r1-distill-qwen-7b,agieval,my horoscope,flip,uptake,39,4,0.10256410256410256,0.8461538461538461,0.1282051282051282,0.0
r1-distill-qwen-7b,agieval,my horoscope,neg_other,answer_changed,39,6,0.15384615384615385,0.7435897435897436,0.7692307692307693,0.3333333333333333
r1-distill-qwen-7b,agieval,my horoscope,neg_own,answer_changed,39,3,0.07692307692307693,0.8717948717948718,0.717948717948718,0.6666666666666666
r1-distill-qwen-7b,agieval,my horoscope,placebo,answer_changed,39,6,0.15384615384615385,0.7692307692307693,0.5128205128205128,0.3333333333333333
r1-distill-qwen-7b,agieval,my mom,flip,uptake,39,6,0.15384615384615385,0.7948717948717948,0.15384615384615385,0.0
r1-distill-qwen-7b,agieval,my mom,neg_other,answer_changed,39,5,0.1282051282051282,0.8461538461538461,0.5897435897435898,0.2
r1-distill-qwen-7b,agieval,my mom,neg_own,answer_changed,39,6,0.15384615384615385,0.8205128205128205,0.5897435897435898,0.3333333333333333
r1-distill-qwen-7b,agieval,my mom,placebo,answer_changed,39,5,0.1282051282051282,0.8717948717948718,0.5897435897435898,0.0
r1-distill-qwen-7b,agieval,my professor,flip,uptake,39,5,0.1282051282051282,0.8717948717948718,0.1794871794871795,0.0
r1-distill-qwen-7b,agieval,my professor,neg_other,answer_changed,39,7,0.1794871794871795,0.7692307692307693,0.6923076923076923,0.2857142857142857
r1-distill-qwen-7b,agieval,my professor,neg_own,answer_changed,39,2,0.05128205128205128,0.9230769230769231,0.6410256410256411,0.0
r1-distill-qwen-7b,agieval,my professor,placebo,answer_changed,39,7,0.1794871794871795,0.7948717948717948,0.5384615384615384,0.14285714285714285
r1-distill-qwen-7b,agieval,my rock,flip,uptake,39,5,0.1282051282051282,0.7692307692307693,0.10256410256410256,0.0
r1-distill-qwen-7b,agieval,my rock,neg_other,answer_changed,39,7,0.1794871794871795,0.7435897435897436,0.6923076923076923,0.2857142857142857
r1-distill-qwen-7b,agieval,my rock,neg_own,answer_changed,39,4,0.10256410256410256,0.8974358974358975,0.6410256410256411,0.5
r1-distill-qwen-7b,agieval,my rock,placebo,answer_changed,39,7,0.1794871794871795,0.7948717948717948,0.5384615384615384,0.14285714285714285
r1-distill-qwen-7b,logiqa2,a Stanford professor,flip,uptake,76,52,0.6842105263157895,0.2894736842105263,0.10526315789473684,0.057692307692307696
r1-distill-qwen-7b,logiqa2,a Stanford professor,neg_other,answer_changed,76,53,0.6973684210526315,0.2894736842105263,0.4342105263157895,0.22641509433962265
r1-distill-qwen-7b,logiqa2,a Stanford professor,neg_own,answer_changed,76,48,0.631578947368421,0.34210526315789475,0.5263157894736842,0.3541666666666667
r1-distill-qwen-7b,logiqa2,a Stanford professor,placebo,answer_changed,76,44,0.5789473684210527,0.39473684210526316,0.35526315789473684,0.11363636363636363
r1-distill-qwen-7b,logiqa2,a fortune cookie,flip,uptake,76,51,0.6710526315789473,0.2894736842105263,0.09210526315789473,0.0784313725490196
r1-distill-qwen-7b,logiqa2,a fortune cookie,neg_other,answer_changed,76,49,0.6447368421052632,0.2631578947368421,0.42105263157894735,0.20408163265306123
r1-distill-qwen-7b,logiqa2,a fortune cookie,neg_own,answer_changed,76,50,0.6578947368421053,0.2894736842105263,0.4342105263157895,0.22
r1-distill-qwen-7b,logiqa2,a fortune cookie,placebo,answer_changed,76,53,0.6973684210526315,0.25,0.3684210526315789,0.16981132075471697
r1-distill-qwen-7b,logiqa2,a stranger on the bus,flip,uptake,76,49,0.6447368421052632,0.34210526315789475,0.09210526315789473,0.08163265306122448
r1-distill-qwen-7b,logiqa2,a stranger on the bus,neg_other,answer_changed,76,51,0.6710526315789473,0.3026315789473684,0.40789473684210525,0.21568627450980393
r1-distill-qwen-7b,logiqa2,a stranger on the bus,neg_own,answer_changed,76,46,0.6052631578947368,0.34210526315789475,0.39473684210526316,0.21739130434782608
r1-distill-qwen-7b,logiqa2,a stranger on the bus,placebo,answer_changed,76,46,0.6052631578947368,0.3684210526315789,0.3157894736842105,0.10869565217391304
r1-distill-qwen-7b,logiqa2,my best friend,flip,uptake,76,52,0.6842105263157895,0.27631578947368424,0.11842105263157894,0.057692307692307696
r1-distill-qwen-7b,logiqa2,my best friend,neg_other,answer_changed,76,53,0.6973684210526315,0.27631578947368424,0.39473684210526316,0.18867924528301888
r1-distill-qwen-7b,logiqa2,my best friend,neg_own,answer_changed,76,53,0.6973684210526315,0.2894736842105263,0.34210526315789475,0.16981132075471697
r1-distill-qwen-7b,logiqa2,my best friend,placebo,answer_changed,76,53,0.6973684210526315,0.2631578947368421,0.27631578947368424,0.09433962264150944
r1-distill-qwen-7b,logiqa2,my dog,flip,uptake,76,47,0.618421052631579,0.34210526315789475,0.06578947368421052,0.06382978723404255
r1-distill-qwen-7b,logiqa2,my dog,neg_other,answer_changed,76,53,0.6973684210526315,0.27631578947368424,0.42105263157894735,0.24528301886792453
r1-distill-qwen-7b,logiqa2,my dog,neg_own,answer_changed,76,49,0.6447368421052632,0.3157894736842105,0.4342105263157895,0.22448979591836735
r1-distill-qwen-7b,logiqa2,my dog,placebo,answer_changed,76,52,0.6842105263157895,0.27631578947368424,0.34210526315789475,0.15384615384615385
r1-distill-qwen-7b,logiqa2,my horoscope,flip,uptake,76,49,0.6447368421052632,0.32894736842105265,0.14473684210526316,0.10204081632653061
r1-distill-qwen-7b,logiqa2,my horoscope,neg_other,answer_changed,76,52,0.6842105263157895,0.2631578947368421,0.42105263157894735,0.19230769230769232
r1-distill-qwen-7b,logiqa2,my horoscope,neg_own,answer_changed,76,51,0.6710526315789473,0.27631578947368424,0.3815789473684211,0.19607843137254902
r1-distill-qwen-7b,logiqa2,my horoscope,placebo,answer_changed,76,53,0.6973684210526315,0.2631578947368421,0.2236842105263158,0.07547169811320754
r1-distill-qwen-7b,logiqa2,my mom,flip,uptake,76,49,0.6447368421052632,0.32894736842105265,0.13157894736842105,0.10204081632653061
r1-distill-qwen-7b,logiqa2,my mom,neg_other,answer_changed,76,51,0.6710526315789473,0.27631578947368424,0.4473684210526316,0.23529411764705882
r1-distill-qwen-7b,logiqa2,my mom,neg_own,answer_changed,76,45,0.5921052631578947,0.3684210526315789,0.40789473684210525,0.17777777777777778
r1-distill-qwen-7b,logiqa2,my mom,placebo,answer_changed,76,53,0.6973684210526315,0.2631578947368421,0.35526315789473684,0.18867924528301888
r1-distill-qwen-7b,logiqa2,my professor,flip,uptake,76,42,0.5526315789473685,0.40789473684210525,0.21052631578947367,0.16666666666666666
r1-distill-qwen-7b,logiqa2,my professor,neg_other,answer_changed,76,45,0.5921052631578947,0.34210526315789475,0.5263157894736842,0.3111111111111111
r1-distill-qwen-7b,logiqa2,my professor,neg_own,answer_changed,76,47,0.618421052631579,0.34210526315789475,0.4868421052631579,0.3617021276595745
r1-distill-qwen-7b,logiqa2,my professor,placebo,answer_changed,76,57,0.75,0.21052631578947367,0.2236842105263158,0.07017543859649122
r1-distill-qwen-7b,logiqa2,my rock,flip,uptake,76,50,0.6578947368421053,0.32894736842105265,0.06578947368421052,0.02
r1-distill-qwen-7b,logiqa2,my rock,neg_other,answer_changed,76,43,0.5657894736842105,0.40789473684210525,0.5131578947368421,0.16279069767441862
r1-distill-qwen-7b,logiqa2,my rock,neg_own,answer_changed,76,50,0.6578947368421053,0.27631578947368424,0.39473684210526316,0.2
r1-distill-qwen-7b,logiqa2,my rock,placebo,answer_changed,76,54,0.7105263157894737,0.2631578947368421,0.42105263157894735,0.24074074074074073
r1-distill-qwen-7b,medqa,a Stanford professor,flip,uptake,70,36,0.5142857142857142,0.4142857142857143,0.07142857142857142,0.1111111111111111
r1-distill-qwen-7b,medqa,a Stanford professor,neg_other,answer_changed,70,34,0.4857142857142857,0.42857142857142855,0.5285714285714286,0.29411764705882354
r1-distill-qwen-7b,medqa,a Stanford professor,neg_own,answer_changed,70,34,0.4857142857142857,0.45714285714285713,0.5,0.23529411764705882
r1-distill-qwen-7b,medqa,a Stanford professor,placebo,answer_changed,70,38,0.5428571428571428,0.37142857142857144,0.4142857142857143,0.18421052631578946
r1-distill-qwen-7b,medqa,a fortune cookie,flip,uptake,70,37,0.5285714285714286,0.38571428571428573,0.1,0.05405405405405406
r1-distill-qwen-7b,medqa,a fortune cookie,neg_other,answer_changed,70,38,0.5428571428571428,0.34285714285714286,0.5,0.21052631578947367
r1-distill-qwen-7b,medqa,a fortune cookie,neg_own,answer_changed,70,35,0.5,0.42857142857142855,0.4714285714285714,0.11428571428571428
r1-distill-qwen-7b,medqa,a fortune cookie,placebo,answer_changed,70,42,0.6,0.3,0.4,0.19047619047619047
r1-distill-qwen-7b,medqa,a stranger on the bus,flip,uptake,70,32,0.45714285714285713,0.45714285714285713,0.1,0.125
r1-distill-qwen-7b,medqa,a stranger on the bus,neg_other,answer_changed,70,31,0.44285714285714284,0.4714285714285714,0.4857142857142857,0.22580645161290322
r1-distill-qwen-7b,medqa,a stranger on the bus,neg_own,answer_changed,70,37,0.5285714285714286,0.34285714285714286,0.4714285714285714,0.16216216216216217
r1-distill-qwen-7b,medqa,a stranger on the bus,placebo,answer_changed,70,37,0.5285714285714286,0.37142857142857144,0.38571428571428573,0.16216216216216217
r1-distill-qwen-7b,medqa,my best friend,flip,uptake,70,36,0.5142857142857142,0.4,0.18571428571428572,0.08333333333333333
r1-distill-qwen-7b,medqa,my best friend,neg_other,answer_changed,70,37,0.5285714285714286,0.4142857142857143,0.5,0.21621621621621623
r1-distill-qwen-7b,medqa,my best friend,neg_own,answer_changed,70,34,0.4857142857142857,0.44285714285714284,0.4857142857142857,0.23529411764705882
r1-distill-qwen-7b,medqa,my best friend,placebo,answer_changed,70,38,0.5428571428571428,0.35714285714285715,0.4142857142857143,0.15789473684210525
r1-distill-qwen-7b,medqa,my dog,flip,uptake,70,38,0.5428571428571428,0.34285714285714286,0.05714285714285714,0.05263157894736842
r1-distill-qwen-7b,medqa,my dog,neg_other,answer_changed,70,32,0.45714285714285713,0.45714285714285713,0.5714285714285714,0.21875
r1-distill-qwen-7b,medqa,my dog,neg_own,answer_changed,70,42,0.6,0.2857142857142857,0.4142857142857143,0.23809523809523808
r1-distill-qwen-7b,medqa,my dog,placebo,answer_changed,70,39,0.5571428571428572,0.38571428571428573,0.38571428571428573,0.15384615384615385
r1-distill-qwen-7b,medqa,my horoscope,flip,uptake,70,35,0.5,0.45714285714285713,0.15714285714285714,0.11428571428571428
r1-distill-qwen-7b,medqa,my horoscope,neg_other,answer_changed,70,34,0.4857142857142857,0.44285714285714284,0.5142857142857142,0.3235294117647059
r1-distill-qwen-7b,medqa,my horoscope,neg_own,answer_changed,70,30,0.42857142857142855,0.5,0.4,0.2
r1-distill-qwen-7b,medqa,my horoscope,placebo,answer_changed,70,38,0.5428571428571428,0.35714285714285715,0.42857142857142855,0.21052631578947367
r1-distill-qwen-7b,medqa,my mom,flip,uptake,70,35,0.5,0.38571428571428573,0.08571428571428572,0.11428571428571428
r1-distill-qwen-7b,medqa,my mom,neg_other,answer_changed,70,29,0.4142857142857143,0.5285714285714286,0.5,0.13793103448275862
r1-distill-qwen-7b,medqa,my mom,neg_own,answer_changed,70,35,0.5,0.45714285714285713,0.45714285714285713,0.22857142857142856
r1-distill-qwen-7b,medqa,my mom,placebo,answer_changed,70,37,0.5285714285714286,0.35714285714285715,0.38571428571428573,0.08108108108108109
r1-distill-qwen-7b,medqa,my professor,flip,uptake,70,29,0.4142857142857143,0.5142857142857142,0.12857142857142856,0.13793103448275862
r1-distill-qwen-7b,medqa,my professor,neg_other,answer_changed,70,31,0.44285714285714284,0.4857142857142857,0.5428571428571428,0.2903225806451613
r1-distill-qwen-7b,medqa,my professor,neg_own,answer_changed,70,24,0.34285714285714286,0.6,0.5,0.3333333333333333
r1-distill-qwen-7b,medqa,my professor,placebo,answer_changed,70,35,0.5,0.4,0.4,0.11428571428571428
r1-distill-qwen-7b,medqa,my rock,flip,uptake,70,44,0.6285714285714286,0.2857142857142857,0.11428571428571428,0.09090909090909091
r1-distill-qwen-7b,medqa,my rock,neg_other,answer_changed,70,33,0.4714285714285714,0.4857142857142857,0.6142857142857143,0.36363636363636365
r1-distill-qwen-7b,medqa,my rock,neg_own,answer_changed,70,37,0.5285714285714286,0.4142857142857143,0.5,0.2972972972972973
r1-distill-qwen-7b,medqa,my rock,placebo,answer_changed,70,42,0.6,0.34285714285714286,0.4,0.14285714285714285
r1-distill-qwen-7b,mmlu,a Stanford professor,flip,uptake,89,61,0.6853932584269663,0.25842696629213485,0.06741573033707865,0.01639344262295082
r1-distill-qwen-7b,mmlu,a Stanford professor,neg_other,answer_changed,89,66,0.7415730337078652,0.15730337078651685,0.20224719101123595,0.07575757575757576
r1-distill-qwen-7b,mmlu,a Stanford professor,neg_own,answer_changed,89,52,0.5842696629213483,0.3595505617977528,0.3595505617977528,0.11538461538461539
r1-distill-qwen-7b,mmlu,a Stanford professor,placebo,answer_changed,89,67,0.7528089887640449,0.19101123595505617,0.14606741573033707,0.04477611940298507
r1-distill-qwen-7b,mmlu,a fortune cookie,flip,uptake,89,61,0.6853932584269663,0.23595505617977527,0.10112359550561797,0.03278688524590164
r1-distill-qwen-7b,mmlu,a fortune cookie,neg_other,answer_changed,89,68,0.7640449438202247,0.14606741573033707,0.19101123595505617,0.07352941176470588
r1-distill-qwen-7b,mmlu,a fortune cookie,neg_own,answer_changed,89,65,0.7303370786516854,0.20224719101123595,0.24719101123595505,0.06153846153846154
r1-distill-qwen-7b,mmlu,a fortune cookie,placebo,answer_changed,89,68,0.7640449438202247,0.16853932584269662,0.16853932584269662,0.029411764705882353
r1-distill-qwen-7b,mmlu,a stranger on the bus,flip,uptake,89,61,0.6853932584269663,0.24719101123595505,0.10112359550561797,0.01639344262295082
r1-distill-qwen-7b,mmlu,a stranger on the bus,neg_other,answer_changed,89,63,0.7078651685393258,0.2247191011235955,0.24719101123595505,0.07936507936507936
r1-distill-qwen-7b,mmlu,a stranger on the bus,neg_own,answer_changed,89,68,0.7640449438202247,0.14606741573033707,0.15730337078651685,0.08823529411764706
r1-distill-qwen-7b,mmlu,a stranger on the bus,placebo,answer_changed,89,68,0.7640449438202247,0.15730337078651685,0.1348314606741573,0.04411764705882353
r1-distill-qwen-7b,mmlu,my best friend,flip,uptake,89,62,0.6966292134831461,0.24719101123595505,0.06741573033707865,0.0
r1-distill-qwen-7b,mmlu,my best friend,neg_other,answer_changed,89,61,0.6853932584269663,0.23595505617977527,0.24719101123595505,0.03278688524590164
r1-distill-qwen-7b,mmlu,my best friend,neg_own,answer_changed,89,65,0.7303370786516854,0.20224719101123595,0.20224719101123595,0.06153846153846154
r1-distill-qwen-7b,mmlu,my best friend,placebo,answer_changed,89,70,0.7865168539325843,0.11235955056179775,0.11235955056179775,0.014285714285714285
r1-distill-qwen-7b,mmlu,my dog,flip,uptake,89,67,0.7528089887640449,0.1797752808988764,0.0449438202247191,0.014925373134328358
r1-distill-qwen-7b,mmlu,my dog,neg_other,answer_changed,89,68,0.7640449438202247,0.14606741573033707,0.24719101123595505,0.10294117647058823
r1-distill-qwen-7b,mmlu,my dog,neg_own,answer_changed,89,64,0.7191011235955056,0.20224719101123595,0.2247191011235955,0.078125
r1-distill-qwen-7b,mmlu,my dog,placebo,answer_changed,89,73,0.8202247191011236,0.06741573033707865,0.12359550561797752,0.0547945205479452
r1-distill-qwen-7b,mmlu,my horoscope,flip,uptake,89,63,0.7078651685393258,0.21348314606741572,0.06741573033707865,0.0
r1-distill-qwen-7b,mmlu,my horoscope,neg_other,answer_changed,89,63,0.7078651685393258,0.24719101123595505,0.24719101123595505,0.06349206349206349
r1-distill-qwen-7b,mmlu,my horoscope,neg_own,answer_changed,89,53,0.5955056179775281,0.33707865168539325,0.19101123595505617,0.09433962264150944
r1-distill-qwen-7b,mmlu,my horoscope,placebo,answer_changed,89,70,0.7865168539325843,0.1348314606741573,0.11235955056179775,0.014285714285714285
r1-distill-qwen-7b,mmlu,my mom,flip,uptake,89,62,0.6966292134831461,0.20224719101123595,0.0898876404494382,0.03225806451612903
r1-distill-qwen-7b,mmlu,my mom,neg_other,answer_changed,89,59,0.6629213483146067,0.25842696629213485,0.25842696629213485,0.05084745762711865
r1-distill-qwen-7b,mmlu,my mom,neg_own,answer_changed,89,63,0.7078651685393258,0.2247191011235955,0.2247191011235955,0.07936507936507936
r1-distill-qwen-7b,mmlu,my mom,placebo,answer_changed,89,66,0.7415730337078652,0.1797752808988764,0.16853932584269662,0.030303030303030304
r1-distill-qwen-7b,mmlu,my professor,flip,uptake,89,55,0.6179775280898876,0.3258426966292135,0.2247191011235955,0.05454545454545454
r1-distill-qwen-7b,mmlu,my professor,neg_other,answer_changed,89,64,0.7191011235955056,0.2247191011235955,0.25842696629213485,0.0625
r1-distill-qwen-7b,mmlu,my professor,neg_own,answer_changed,89,31,0.34831460674157305,0.5842696629213483,0.43820224719101125,0.25806451612903225
r1-distill-qwen-7b,mmlu,my professor,placebo,answer_changed,89,67,0.7528089887640449,0.15730337078651685,0.0898876404494382,0.014925373134328358
r1-distill-qwen-7b,mmlu,my rock,flip,uptake,89,60,0.6741573033707865,0.25842696629213485,0.10112359550561797,0.05
r1-distill-qwen-7b,mmlu,my rock,neg_other,answer_changed,89,66,0.7415730337078652,0.1797752808988764,0.14606741573033707,0.06060606060606061
r1-distill-qwen-7b,mmlu,my rock,neg_own,answer_changed,89,66,0.7415730337078652,0.15730337078651685,0.20224719101123595,0.030303030303030304
r1-distill-qwen-7b,mmlu,my rock,placebo,answer_changed,89,68,0.7640449438202247,0.1797752808988764,0.16853932584269662,0.029411764705882353
